-- MySQL dump 10.13  Distrib 8.4.10, for Linux (x86_64)
--
-- Host: localhost    Database: sunlink_power
-- ------------------------------------------------------
-- Server version       8.4.10-0ubuntu0.26.04.1

/*!40101 SET @OLD_CHARACTER_SET_CLIENT=@@CHARACTER_SET_CLIENT */;
/*!40101 SET @OLD_CHARACTER_SET_RESULTS=@@CHARACTER_SET_RESULTS */;
/*!40101 SET @OLD_COLLATION_CONNECTION=@@COLLATION_CONNECTION */;
/*!50503 SET NAMES utf8mb4 */;
/*!40103 SET @OLD_TIME_ZONE=@@TIME_ZONE */;
/*!40103 SET TIME_ZONE='+00:00' */;
/*!40014 SET @OLD_UNIQUE_CHECKS=@@UNIQUE_CHECKS, UNIQUE_CHECKS=0 */;
/*!40014 SET @OLD_FOREIGN_KEY_CHECKS=@@FOREIGN_KEY_CHECKS, FOREIGN_KEY_CHECKS=0 */;
/*!40101 SET @OLD_SQL_MODE=@@SQL_MODE, SQL_MODE='NO_AUTO_VALUE_ON_ZERO' */;
/*!40111 SET @OLD_SQL_NOTES=@@SQL_NOTES, SQL_NOTES=0 */;

--
-- Table structure for table `Admins`
--

DROP TABLE IF EXISTS `Admins`;
/*!40101 SET @saved_cs_client     = @@character_set_client */;
/*!50503 SET character_set_client = utf8mb4 */;
CREATE TABLE `Admins` (
  `id` int NOT NULL AUTO_INCREMENT,
  `username` varchar(50) CHARACTER SET utf8mb4 COLLATE utf8mb4_unicode_ci NOT NULL,
  `password_hash` varchar(255) CHARACTER SET utf8mb4 COLLATE utf8mb4_unicode_ci NOT NULL,
  `email` varchar(100) CHARACTER SET utf8mb4 COLLATE utf8mb4_unicode_ci DEFAULT NULL,
  `full_name` varchar(150) CHARACTER SET utf8mb4 COLLATE utf8mb4_unicode_ci DEFAULT NULL,
  `role` enum('super_admin','admin','editor') CHARACTER SET utf8mb4 COLLATE utf8mb4_unicode_ci DEFAULT 'admin',
  `is_active` tinyint(1) DEFAULT '1',
  `last_login` timestamp NULL DEFAULT NULL,
  `created_at` timestamp NULL DEFAULT CURRENT_TIMESTAMP,
  `updated_at` timestamp NULL DEFAULT CURRENT_TIMESTAMP ON UPDATE CURRENT_TIMESTAMP,
  PRIMARY KEY (`id`),
  UNIQUE KEY `username` (`username`),
  UNIQUE KEY `email` (`email`),
  KEY `idx_username` (`username`),
  KEY `idx_active` (`is_active`)
) ENGINE=InnoDB AUTO_INCREMENT=3 DEFAULT CHARSET=utf8mb4 COLLATE=utf8mb4_unicode_ci;
/*!40101 SET character_set_client = @saved_cs_client */;

--
-- Dumping data for table `Admins`
--

LOCK TABLES `Admins` WRITE;
/*!40000 ALTER TABLE `Admins` DISABLE KEYS */;
INSERT INTO `Admins` VALUES (1,'admin','$2a$12$rfNxTGtgOhOW0jR8oQlW6ehDkdvEDV64chK84LYuO8gndOpUZoNXK','admin@sunlinkpower.com','System Administrator','super_admin',1,'2026-06-26 09:24:23','2026-04-21 21:08:13','2026-06-26 09:24:23');
/*!40000 ALTER TABLE `Admins` ENABLE KEYS */;
UNLOCK TABLES;

--
-- Table structure for table `Categories`
--

DROP TABLE IF EXISTS `Categories`;
/*!40101 SET @saved_cs_client     = @@character_set_client */;
/*!50503 SET character_set_client = utf8mb4 */;
CREATE TABLE `Categories` (
  `id` int NOT NULL AUTO_INCREMENT,
  `name` varchar(100) CHARACTER SET utf8mb4 COLLATE utf8mb4_unicode_ci NOT NULL,
  `description` text CHARACTER SET utf8mb4 COLLATE utf8mb4_unicode_ci,
  `image_url` varchar(500) CHARACTER SET utf8mb4 COLLATE utf8mb4_unicode_ci DEFAULT NULL,
  `slug` varchar(100) CHARACTER SET utf8mb4 COLLATE utf8mb4_unicode_ci NOT NULL,
  `created_at` timestamp NULL DEFAULT CURRENT_TIMESTAMP,
  `updated_at` timestamp NULL DEFAULT CURRENT_TIMESTAMP ON UPDATE CURRENT_TIMESTAMP,
  PRIMARY KEY (`id`),
  UNIQUE KEY `slug` (`slug`),
  KEY `idx_categories_slug` (`slug`)
) ENGINE=InnoDB AUTO_INCREMENT=22 DEFAULT CHARSET=utf8mb4 COLLATE=utf8mb4_unicode_ci;
/*!40101 SET character_set_client = @saved_cs_client */;

--
-- Dumping data for table `Categories`
--

LOCK TABLES `Categories` WRITE;
/*!40000 ALTER TABLE `Categories` DISABLE KEYS */;
INSERT INTO `Categories` VALUES (1,'Solar Panels','High-efficiency photovoltaic modules for residential, commercial, industrial, and utility-scale solar systems.','/uploads/categories/4343acf7-5a8a-4f7d-8802-ddd000057371-1782467507849-409900920.png','solar-panels','2026-06-25 21:18:39','2026-06-26 09:51:49'),(2,'Inverters','Off-grid, hybrid, single-phase, and three-phase solar inverters for reliable power conversion and storage integration.','/uploads/categories/8f1dd68d-cf5f-43c4-aa8a-badd879ac182-1782462573550-831151423.png','inverters','2026-06-25 21:18:39','2026-06-26 08:29:33'),(3,'Batteries','LiFePO4 energy storage batteries including wall-mounted, rack-mounted, stackable, and high-voltage cabinet systems.','/uploads/categories/9bd50c3b-0c14-4ef0-b70f-d7549eee8646-1782458822937-895406616.png','batteries','2026-06-25 21:18:39','2026-06-26 07:27:02'),(4,'Charge Controllers','PWM and MPPT solar charge controllers for battery charging, PV input optimization, and system protection.','/uploads/categories/7c68926c-0390-4473-8331-9f4b37d8cf6b-1782459264074-557368368.png','charge-controllers','2026-06-25 21:18:39','2026-06-26 07:34:24'),(5,'Accessories','Solar cables, MC4 connectors, mounting brackets, rails, fasteners, and installation accessories.','/uploads/categories/a0056e39-f509-46b3-a98a-9b32adb7838e-1782457791288-269630513.png','accessories','2026-06-25 21:18:39','2026-06-26 07:09:51'),(6,'Solar Lights','Solar lighting products for roads, public spaces, compounds, landscapes, indoor use, and off-grid applications.',NULL,'solar-lights','2026-06-25 21:18:39','2026-06-25 21:18:39'),(7,'Solar Street Lights','Integrated solar street lights with mono solar panels, LiFePO4 batteries, LED modules, radar sensors, and optional camera features.','/uploads/categories/ad5d4c36-3cf2-419f-9cd0-967020a79033-1782466589289-879067817.png','solar-street-lights','2026-06-25 21:18:39','2026-06-26 09:36:30'),(8,'Solar Flood Lights','Outdoor solar flood lights for yards, farms, warehouses, compounds, playgrounds, parking areas, and security lighting.','/uploads/categories/7397b339-bee1-47b7-af75-23bac0780f57-1782463526620-508033205.png','solar-flood-lights','2026-06-25 21:18:39','2026-06-26 08:45:26'),(9,'Solar Garden Lights','Decorative and functional solar lawn, garden, pathway, and landscape lighting products.','/uploads/categories/0864bf6b-a595-4978-9117-5588ad88bdee-1782463819595-276285538.png','solar-garden-lights','2026-06-25 21:18:39','2026-06-26 08:50:19'),(10,'Solar Strip Lights','Flexible solar strip lighting for outdoor decoration, signage, paths, and low-voltage solar lighting applications.',NULL,'solar-strip-lights','2026-06-25 21:18:39','2026-06-25 21:18:39'),(11,'Solar Batten Lights','Solar-powered batten tube lights for rooms, shops, corridors, field offices, and spaces without reliable grid electricity.','/uploads/categories/e2d6a633-15a8-4960-8e43-f7f94f492e2b-1782463007852-241582474.png','solar-batten-lights','2026-06-25 21:18:39','2026-06-26 08:36:47'),(12,'Solar Fans','Portable rechargeable solar fans for homes, clinics, shops, schools, and off-grid comfort applications.','/uploads/categories/2e3b5d5d-04d0-4be2-bd1b-37a132838aa1-1782463187780-840516239.png','solar-fans','2026-06-25 21:18:39','2026-06-26 08:39:47'),(13,'Solar Light and Fan Packages','Integrated solar kits combining lighting, fan cooling, battery storage, mobile charging, and solar input for daily use.','/uploads/categories/c98bc2b8-cd38-4e48-ad57-beb8d78ff02a-1782467744626-78728752.png','solar-light-and-fan-packages','2026-06-25 21:18:39','2026-06-26 09:55:44'),(15,'EV Chargers','EV charging systems and PV plus ESS plus EVSE solutions for fleet yards, public charging, and commercial parking.','/uploads/categories/99f50865-55f9-4de5-b92a-6d0c98aecdfd-1782460920736-261520278.png','ev-chargers','2026-06-25 21:18:39','2026-06-26 08:02:00'),(16,'UPS Systems','Industrial uninterruptible power supply systems for critical backup and stable pure sine wave output.','/uploads/categories/43154830-7605-40ea-a396-e19a9061c651-1782464383709-772856481.png','ups-systems','2026-06-25 21:18:39','2026-06-26 08:59:43'),(17,'BIPV Carports','Solar carport structures integrating vehicle shelter, PV generation, and optional EV charging deployment.','/uploads/categories/99eda8ca-f32a-4ec1-9334-72c8949fd3a9-1782459101635-828876549.png','bipv-carports','2026-06-25 21:18:39','2026-06-26 07:31:41'),(18,'Energy Management Systems','EMS software and controller platforms for monitoring, dispatching, and coordinating PV, ESS, load, grid, and EV charging.','/uploads/categories/711598ea-6d18-4a15-8766-f992982741be-1782459931376-582307577.png','energy-management-systems','2026-06-25 21:18:39','2026-06-26 07:45:31'),(19,'Combiner Boxes','PV combiner boxes for DC string protection, surge protection, isolation, and organized inverter input wiring.','/uploads/categories/ac4573c0-1029-4d1c-8d13-8f0029a6163c-1782459594776-105776579.png','combiner-boxes','2026-06-25 21:18:39','2026-06-26 07:39:54'),(20,'Solar Water Pumps','Solar water pump systems for agriculture, irrigation, boreholes, livestock, and rural water supply.','/uploads/categories/2e98cf05-798c-471e-8bf4-ededc428a95b-1782464231321-822155899.png','solar-water-pumps','2026-06-25 21:18:39','2026-06-26 08:57:11'),(21,'Solar Generators','Portable and semi-mobile solar generator systems for emergency backup, outdoor work, and remote power.','/uploads/categories/8dee2195-54c5-4718-b6ec-8ac92db38d4c-1782464072829-98696335.png','solar-generators','2026-06-25 21:18:39','2026-06-26 08:54:32');
/*!40000 ALTER TABLE `Categories` ENABLE KEYS */;
UNLOCK TABLES;

--
-- Table structure for table `KitImages`
--

DROP TABLE IF EXISTS `KitImages`;
/*!40101 SET @saved_cs_client     = @@character_set_client */;
/*!50503 SET character_set_client = utf8mb4 */;
CREATE TABLE `KitImages` (
  `id` int NOT NULL AUTO_INCREMENT,
  `kit_id` int NOT NULL,
  `image_url` varchar(500) CHARACTER SET utf8mb4 COLLATE utf8mb4_unicode_ci NOT NULL,
  `alt_text` varchar(255) CHARACTER SET utf8mb4 COLLATE utf8mb4_unicode_ci DEFAULT NULL,
  `sort_order` int DEFAULT '0',
  `created_at` timestamp NULL DEFAULT CURRENT_TIMESTAMP,
  PRIMARY KEY (`id`),
  KEY `idx_kit_images_kit_id` (`kit_id`),
  CONSTRAINT `KitImages_ibfk_1` FOREIGN KEY (`kit_id`) REFERENCES `Kits` (`id`) ON DELETE CASCADE
) ENGINE=InnoDB AUTO_INCREMENT=8 DEFAULT CHARSET=utf8mb4 COLLATE=utf8mb4_unicode_ci;
/*!40101 SET character_set_client = @saved_cs_client */;

--
-- Dumping data for table `KitImages`
--

LOCK TABLES `KitImages` WRITE;
/*!40000 ALTER TABLE `KitImages` DISABLE KEYS */;
INSERT INTO `KitImages` VALUES (1,2,'/uploads/kits/kithome3kw2-1782468022847-814712650.jpg','3.0KW Home Solar System - Gallery Image 1',0,'2026-06-26 10:00:22'),(2,2,'/uploads/kits/kithome3kw-1782468022892-662065390.jpg','3.0KW Home Solar System - Gallery Image 2',1,'2026-06-26 10:00:22'),(3,17,'/uploads/kits/300whome2-1782468570840-285430175.jpg','3000W Solar Power Generator Kit - Gallery Image 1',0,'2026-06-26 10:09:30'),(4,17,'/uploads/kits/300whome-1782468570880-308661358.jpg','3000W Solar Power Generator Kit - Gallery Image 2',1,'2026-06-26 10:09:30'),(5,16,'/uploads/kits/300whome2-1782468644990-591774562.jpg','1500W Solar Power Generator Kit - Gallery Image 1',0,'2026-06-26 10:10:45'),(6,16,'/uploads/kits/300whome-1782468645029-992612088.jpg','1500W Solar Power Generator Kit - Gallery Image 2',1,'2026-06-26 10:10:45'),(7,1,'/uploads/kits/kit-image-2-1782550920015-194855519.jpg','1.5KW Home Solar System - Gallery Image 1',0,'2026-06-27 09:02:00');
/*!40000 ALTER TABLE `KitImages` ENABLE KEYS */;
UNLOCK TABLES;

--
-- Table structure for table `KitProducts`
--

DROP TABLE IF EXISTS `KitProducts`;
/*!40101 SET @saved_cs_client     = @@character_set_client */;
/*!50503 SET character_set_client = utf8mb4 */;
CREATE TABLE `KitProducts` (
  `id` int NOT NULL AUTO_INCREMENT,
  `kit_id` int NOT NULL,
  `product_id` int NOT NULL,
  `product_model_id` int DEFAULT NULL,
  `quantity` int DEFAULT '1',
  `sort_order` int DEFAULT '0',
  `created_at` timestamp NULL DEFAULT CURRENT_TIMESTAMP,
  PRIMARY KEY (`id`),
  UNIQUE KEY `unique_kit_product` (`kit_id`,`product_id`),
  KEY `idx_kit_products_kit_id` (`kit_id`),
  KEY `idx_kit_products_product_id` (`product_id`),
  KEY `idx_kit_products_product_model_id` (`product_model_id`),
  CONSTRAINT `KitProducts_ibfk_1` FOREIGN KEY (`kit_id`) REFERENCES `Kits` (`id`) ON DELETE CASCADE,
  CONSTRAINT `KitProducts_ibfk_2` FOREIGN KEY (`product_id`) REFERENCES `Products` (`id`) ON DELETE CASCADE,
  CONSTRAINT `KitProducts_ibfk_3` FOREIGN KEY (`product_model_id`) REFERENCES `ProductModels` (`id`) ON DELETE SET NULL
) ENGINE=InnoDB AUTO_INCREMENT=201 DEFAULT CHARSET=utf8mb4 COLLATE=utf8mb4_unicode_ci;
/*!40101 SET character_set_client = @saved_cs_client */;

--
-- Dumping data for table `KitProducts`
--

LOCK TABLES `KitProducts` WRITE;
/*!40000 ALTER TABLE `KitProducts` DISABLE KEYS */;
INSERT INTO `KitProducts` VALUES (13,3,103,NULL,12,1,'2026-06-26 09:23:30'),(14,3,203,21020,1,2,'2026-06-26 09:23:30'),(15,3,303,NULL,1,3,'2026-06-26 09:23:30'),(16,3,501,NULL,2,4,'2026-06-26 09:23:30'),(17,3,504,NULL,1,5,'2026-06-26 09:23:30'),(18,3,506,NULL,1,6,'2026-06-26 09:23:30'),(19,3,1802,NULL,1,7,'2026-06-26 09:23:30'),(27,5,103,NULL,36,1,'2026-06-26 09:23:30'),(28,5,207,20707,1,2,'2026-06-26 09:23:30'),(29,5,304,NULL,2,3,'2026-06-26 09:23:30'),(30,5,502,NULL,3,4,'2026-06-26 09:23:30'),(31,5,506,NULL,2,5,'2026-06-26 09:23:30'),(32,5,1804,NULL,1,6,'2026-06-26 09:23:30'),(33,6,103,NULL,55,1,'2026-06-26 09:23:30'),(34,6,209,21026,1,2,'2026-06-26 09:23:30'),(35,6,304,NULL,3,3,'2026-06-26 09:23:30'),(36,6,502,NULL,4,4,'2026-06-26 09:23:30'),(37,6,506,NULL,3,5,'2026-06-26 09:23:30'),(38,6,1804,NULL,1,6,'2026-06-26 09:23:30'),(39,7,103,NULL,90,1,'2026-06-26 09:23:30'),(40,7,209,21026,1,2,'2026-06-26 09:23:30'),(41,7,311,NULL,1,3,'2026-06-26 09:23:30'),(42,7,1701,NULL,1,4,'2026-06-26 09:23:30'),(43,7,1804,NULL,1,5,'2026-06-26 09:23:30'),(44,7,506,NULL,4,6,'2026-06-26 09:23:30'),(45,8,103,NULL,182,1,'2026-06-26 09:23:30'),(47,8,1701,NULL,1,5,'2026-06-26 09:23:30'),(48,8,1805,NULL,1,4,'2026-06-26 09:23:30'),(49,8,506,NULL,8,5,'2026-06-26 09:23:30'),(50,9,104,NULL,327,1,'2026-06-26 09:23:30'),(52,9,1701,NULL,1,5,'2026-06-26 09:23:30'),(53,9,1805,NULL,2,4,'2026-06-26 09:23:30'),(54,9,506,NULL,12,5,'2026-06-26 09:23:30'),(55,10,104,NULL,860,1,'2026-06-26 09:23:30'),(57,10,1701,NULL,1,5,'2026-06-26 09:23:30'),(58,10,1805,NULL,4,4,'2026-06-26 09:23:30'),(59,10,506,NULL,30,5,'2026-06-26 09:23:30'),(60,11,104,NULL,860,1,'2026-06-26 09:23:30'),(62,11,1701,NULL,1,5,'2026-06-26 09:23:30'),(63,11,1805,NULL,4,4,'2026-06-26 09:23:30'),(64,12,104,NULL,1720,1,'2026-06-26 09:23:30'),(66,12,1701,NULL,1,5,'2026-06-26 09:23:30'),(67,12,1805,NULL,8,4,'2026-06-26 09:23:30'),(71,14,313,NULL,1,1,'2026-06-26 09:23:30'),(72,14,209,21026,1,2,'2026-06-26 09:23:30'),(73,14,1701,NULL,1,3,'2026-06-26 09:23:30'),(76,15,1701,NULL,1,5,'2026-06-26 09:23:30'),(83,18,2003,NULL,1,1,'2026-06-26 09:23:30'),(84,18,103,NULL,12,2,'2026-06-26 09:23:30'),(85,18,504,NULL,1,3,'2026-06-26 09:23:30'),(86,19,302,NULL,1,1,'2026-06-26 09:23:30'),(87,19,303,NULL,1,2,'2026-06-26 09:23:30'),(88,19,203,21023,1,3,'2026-06-26 09:23:30'),(89,20,308,NULL,1,1,'2026-06-26 09:23:30'),(91,20,207,20706,1,3,'2026-06-26 09:23:30'),(92,21,1201,NULL,1,1,'2026-06-26 09:23:30'),(93,21,1202,NULL,1,2,'2026-06-26 09:23:30'),(94,21,1102,NULL,1,3,'2026-06-26 09:23:30'),(102,23,104,NULL,180,1,'2026-06-26 09:23:30'),(104,23,1403,NULL,1,3,'2026-06-26 09:23:30'),(105,23,1601,NULL,1,4,'2026-06-26 09:23:30'),(106,23,1701,NULL,1,5,'2026-06-26 09:23:30'),(107,24,103,NULL,12,1,'2026-06-26 09:23:30'),(108,24,203,21020,1,2,'2026-06-26 09:23:30'),(109,24,303,NULL,1,3,'2026-06-26 09:23:30'),(110,24,506,NULL,1,4,'2026-06-26 09:23:30'),(111,24,1802,NULL,1,5,'2026-06-26 09:23:30'),(112,25,103,NULL,36,1,'2026-06-26 09:23:30'),(113,25,207,20707,1,2,'2026-06-26 09:23:30'),(114,25,310,NULL,1,3,'2026-06-26 09:23:30'),(115,25,506,NULL,2,4,'2026-06-26 09:23:30'),(116,25,1804,NULL,1,5,'2026-06-26 09:23:30'),(117,26,311,NULL,1,1,'2026-06-26 09:23:30'),(118,26,312,NULL,1,2,'2026-06-26 09:23:30'),(119,26,313,NULL,1,3,'2026-06-26 09:23:30'),(120,26,207,20706,1,4,'2026-06-26 09:23:30'),(121,26,1701,NULL,1,5,'2026-06-26 09:23:30'),(141,2,101,NULL,10,0,'2026-06-26 10:00:22'),(142,2,201,NULL,1,1,'2026-06-26 10:00:22'),(143,2,302,NULL,1,2,'2026-06-26 10:00:22'),(144,2,501,NULL,1,3,'2026-06-26 10:00:22'),(145,2,504,NULL,1,4,'2026-06-26 10:00:22'),(146,2,505,NULL,1,5,'2026-06-26 10:00:22'),(147,17,2002,NULL,1,0,'2026-06-26 10:09:30'),(148,17,101,NULL,10,1,'2026-06-26 10:09:30'),(149,17,504,NULL,1,2,'2026-06-26 10:09:30'),(150,16,2001,NULL,1,0,'2026-06-26 10:10:45'),(151,16,106,NULL,4,1,'2026-06-26 10:10:45'),(152,16,501,NULL,1,2,'2026-06-26 10:10:45'),(153,13,312,NULL,1,0,'2026-06-26 10:18:38'),(154,13,207,NULL,1,1,'2026-06-26 10:18:38'),(155,13,1701,NULL,1,2,'2026-06-26 10:18:38'),(156,22,103,NULL,20,0,'2026-06-26 10:24:35'),(157,22,206,21015,1,1,'2026-06-26 10:24:35'),(159,22,1902,NULL,1,3,'2026-06-26 10:24:35'),(160,22,702,NULL,2,4,'2026-06-26 10:24:35'),(161,22,501,NULL,2,5,'2026-06-26 10:24:35'),(162,4,103,NULL,18,0,'2026-06-26 10:39:49'),(163,4,203,21024,1,1,'2026-06-26 10:39:49'),(164,4,304,NULL,1,2,'2026-06-26 10:39:49'),(165,4,501,NULL,2,3,'2026-06-26 10:39:49'),(166,4,504,NULL,1,4,'2026-06-26 10:39:49'),(167,4,506,NULL,1,5,'2026-06-26 10:39:49'),(168,4,1803,NULL,1,6,'2026-06-26 10:39:49'),(169,1,101,NULL,5,0,'2026-06-27 09:02:00'),(170,1,201,NULL,1,1,'2026-06-27 09:02:00'),(171,1,301,NULL,1,2,'2026-06-27 09:02:00'),(172,1,501,NULL,1,3,'2026-06-27 09:02:00'),(173,1,503,NULL,2,4,'2026-06-27 09:02:00'),(174,1,505,NULL,1,5,'2026-06-27 09:02:00'),(175,27,203,21020,1,1,'2026-06-28 09:47:26'),(176,27,302,NULL,1,2,'2026-06-28 09:47:26'),(177,28,203,21020,1,1,'2026-06-28 09:47:26'),(178,28,303,NULL,1,2,'2026-06-28 09:47:26'),(179,29,207,20706,1,1,'2026-06-28 09:47:26'),(180,29,311,NULL,1,2,'2026-06-28 09:47:26'),(181,29,1701,NULL,1,3,'2026-06-28 09:47:26'),(182,8,312,NULL,1,2,'2026-06-28 09:47:26'),(183,8,209,21026,3,3,'2026-06-28 09:47:26'),(184,9,313,NULL,1,2,'2026-06-28 09:47:26'),(185,9,209,21026,5,3,'2026-06-28 09:47:26'),(186,10,313,NULL,2,2,'2026-06-28 09:47:26'),(187,10,312,NULL,1,3,'2026-06-28 09:47:26'),(188,10,209,21026,8,4,'2026-06-28 09:47:26'),(189,11,313,NULL,2,2,'2026-06-28 09:47:26'),(190,11,312,NULL,1,3,'2026-06-28 09:47:26'),(191,11,209,21026,17,4,'2026-06-28 09:47:26'),(192,12,313,NULL,4,2,'2026-06-28 09:47:26'),(193,12,312,NULL,2,3,'2026-06-28 09:47:26'),(194,12,209,21026,34,4,'2026-06-28 09:47:26'),(195,15,313,NULL,2,1,'2026-06-28 09:47:26'),(196,15,312,NULL,1,2,'2026-06-28 09:47:26'),(197,15,209,21026,8,3,'2026-06-28 09:47:26'),(198,23,313,NULL,2,2,'2026-06-28 09:47:26'),(199,23,312,NULL,1,3,'2026-06-28 09:47:26'),(200,23,209,21026,8,4,'2026-06-28 09:47:26');
/*!40000 ALTER TABLE `KitProducts` ENABLE KEYS */;
UNLOCK TABLES;

--
-- Table structure for table `Kits`
--

DROP TABLE IF EXISTS `Kits`;
/*!40101 SET @saved_cs_client     = @@character_set_client */;
/*!50503 SET character_set_client = utf8mb4 */;
CREATE TABLE `Kits` (
  `id` int NOT NULL AUTO_INCREMENT,
  `name` varchar(200) CHARACTER SET utf8mb4 COLLATE utf8mb4_unicode_ci NOT NULL,
  `description` text CHARACTER SET utf8mb4 COLLATE utf8mb4_unicode_ci,
  `image_url` varchar(500) CHARACTER SET utf8mb4 COLLATE utf8mb4_unicode_ci DEFAULT NULL,
  `slug` varchar(100) CHARACTER SET utf8mb4 COLLATE utf8mb4_unicode_ci NOT NULL,
  `is_featured` tinyint(1) DEFAULT '0',
  `stock_status` enum('in_stock','out_of_stock','pre_order') CHARACTER SET utf8mb4 COLLATE utf8mb4_unicode_ci DEFAULT 'in_stock',
  `created_at` timestamp NULL DEFAULT CURRENT_TIMESTAMP,
  `updated_at` timestamp NULL DEFAULT CURRENT_TIMESTAMP ON UPDATE CURRENT_TIMESTAMP,
  PRIMARY KEY (`id`),
  UNIQUE KEY `slug` (`slug`),
  KEY `idx_kits_slug` (`slug`),
  KEY `idx_kits_featured` (`is_featured`),
  KEY `idx_kits_stock` (`stock_status`),
  FULLTEXT KEY `idx_kits_search` (`name`,`description`)
) ENGINE=InnoDB AUTO_INCREMENT=30 DEFAULT CHARSET=utf8mb4 COLLATE=utf8mb4_unicode_ci;
/*!40101 SET character_set_client = @saved_cs_client */;

--
-- Dumping data for table `Kits`
--

LOCK TABLES `Kits` WRITE;
/*!40000 ALTER TABLE `Kits` DISABLE KEYS */;
INSERT INTO `Kits` VALUES (1,'1.5KW Home Solar System','Compact  residential solar kit for lighting, phone charging, router backup, fan use, and small daily loads. Designed for starter homes, shops, and off-grid rooms.','/uploads/kits/1-5kw-kit-1782550919719-550521652.png','home-solar-system-1-5kw',1,'in_stock','2026-06-26 09:23:30','2026-06-28 09:47:26'),(2,'3.0KW Home Solar System','Entry  home solar package for small houses, shops, classrooms, and backup power with panels, inverter, LiFePO4 storage, mounting, cabling, and connectors.','/uploads/kits/3kw-1782468021741-636315567.png','home-solar-system-3kw',1,'in_stock','2026-06-26 09:23:30','2026-06-28 09:47:26'),(3,'6.2KW Home Solar System','Mid-size household and small business kit aligned to the 6.2KW home solar system family for refrigeration, lighting, entertainment, fans, and moderate appliance loads.',NULL,'home-solar-system-6kw',1,'in_stock','2026-06-26 09:23:30','2026-06-26 09:23:30'),(4,'6.2KW-10KW Home Solar System','Large residential and light commercial solar system aligned to  6.2KW-10KW capacity bands with higher inverter capacity and scalable battery storage.','/uploads/kits/3kw2w-1782470388340-848507547.png','home-solar-system-10kw',1,'in_stock','2026-06-26 09:23:30','2026-06-28 09:47:26'),(5,'20KW-30KW Home Solar System','Large villa, estate, office, or compound solar system aligned to  20KW-30KW home solar system packaging.',NULL,'home-solar-system-20kw',0,'in_stock','2026-06-26 09:23:30','2026-06-28 09:47:26'),(6,'30KW Home and Facility Solar System','High-capacity solar system for compounds, facilities, farms, and offices with three-phase inverter capability and larger PV array sizing.',NULL,'home-solar-system-30kw',0,'in_stock','2026-06-26 09:23:30','2026-06-26 09:23:30'),(7,'30KW-50KW Commercial Solar System','Commercial solar kit for shops, offices, hotels, clinics, schools, warehouses, and small factories.',NULL,'commercial-solar-system-30-50kw',1,'in_stock','2026-06-26 09:23:30','2026-06-26 09:23:30'),(8,'60KW-100KW Commercial Solar System','Higher-capacity commercial solar kit for factories, malls, hotels, schools, and business facilities needing stronger energy cost control.',NULL,'commercial-solar-system-60-100kw',1,'in_stock','2026-06-26 09:23:30','2026-06-26 09:23:30'),(9,'120KW-180KW Industrial Solar System','Industrial solar package for warehouses, manufacturing, production sites, and high-consumption facilities.',NULL,'industrial-solar-system-120-180kw',0,'in_stock','2026-06-26 09:23:30','2026-06-26 09:23:30'),(10,'250KW-500KW Industrial Solar System','Project-scale solar and storage solution for industrial parks, large factories, logistics bases, and high-demand commercial sites.',NULL,'industrial-solar-system-250-500kw',0,'in_stock','2026-06-26 09:23:30','2026-06-26 09:23:30'),(11,'500KW Container Solar System','Containerized solar and storage solution for industrial power, microgrids, EV charging depots, and remote infrastructure.',NULL,'container-solar-system-500kw',0,'in_stock','2026-06-26 09:23:30','2026-06-26 09:23:30'),(12,'1MW Container Solar System','Large-scale containerized PV plus ESS solution for industrial sites, charging depots, and utility support projects.',NULL,'container-solar-system-1000kw',0,'in_stock','2026-06-26 09:23:30','2026-06-26 09:23:30'),(13,'100kWh Industrial and Commercial ESS Kit','Battery energy storage package for backup, peak shaving, solar self-consumption, and commercial energy stability.','/uploads/kits/ffddfdfd-1782469117078-693955843.png','ic-ess-100kwh',1,'in_stock','2026-06-26 09:23:30','2026-06-26 10:18:38'),(14,'200kWh Industrial and Commercial ESS Kit','Expanded ESS package for factories, hotels, campuses, telecom, and commercial facilities requiring longer runtime.',NULL,'ic-ess-200kwh',0,'in_stock','2026-06-26 09:23:30','2026-06-26 09:23:30'),(15,'500kWh Industrial and Commercial ESS Kit','High-capacity ESS solution for larger facilities, microgrids, EV charging stations, and PV storage projects.',NULL,'ic-ess-500kwh',0,'in_stock','2026-06-26 09:23:30','2026-06-26 09:23:30'),(16,'1500W Solar Power Generator Kit','Portable solar power generator kit for emergency backup, outdoor work, camping, small shops, and mobile power.','/uploads/kits/3kw2w-1782468643894-557340461.png','solar-generator-1500w',1,'in_stock','2026-06-26 09:23:30','2026-06-26 10:10:45'),(17,'3000W Solar Power Generator Kit','Portable and semi-mobile solar power generator package for stronger backup, field teams, and small business use.','/uploads/kits/3kw2w-1782468569721-709798468.png','solar-generator-3000w',1,'in_stock','2026-06-26 09:23:30','2026-06-26 10:09:30'),(18,'6200W Solar Power Generator Kit','High-output solar power generator kit for remote sites, resilient household loads, and field operations.',NULL,'solar-generator-6200w',0,'in_stock','2026-06-26 09:23:30','2026-06-26 09:23:30'),(19,'2.5KWh-17KWh Powerwall Battery Kit','Wall-mounted LiFePO4 powerwall battery family paired with compatible hybrid inverter options for residential solar backup.',NULL,'powerwall-battery-kit',0,'in_stock','2026-06-26 09:23:30','2026-06-26 09:23:30'),(20,'Rack Mounted Battery Kit','Rack-mounted LiFePO4 battery package for telecom, server room, commercial backup, and modular solar storage.',NULL,'rack-battery-kit',0,'in_stock','2026-06-26 09:23:30','2026-06-26 09:23:30'),(21,'Solar Light and Fan Home Kit','Integrated home kit with solar panel, rechargeable battery, LED lighting, solar fan, and mobile charging for daily off-grid use.',NULL,'solar-light-fan-home-kit',1,'in_stock','2026-06-26 09:23:30','2026-06-26 09:23:30'),(22,'Agri Solar Kit','Solar kit for farms, irrigation support, borehole sites, livestock operations, rural lighting, and agricultural productivity.','/uploads/kits/agrisolar-1782469474487-455526562.png','agri-solar',1,'in_stock','2026-06-26 09:23:30','2026-06-26 10:24:35'),(23,'Solar EV Station Kit','PV plus ESS plus EV charging station kit for commercial parking, fleet yards, logistics bases, and clean transport projects.',NULL,'solar-ev-station',1,'in_stock','2026-06-26 09:23:30','2026-06-26 09:23:30'),(24,'3KW-8KW US Standard Dual Output Solar System','US standard dual-output residential solar system family for split load planning, backup circuits, and medium home energy independence.',NULL,'us-standard-dual-output-solar-system-3-8kw',0,'in_stock','2026-06-26 09:23:30','2026-06-26 09:23:30'),(25,'10KW-20KW US Standard Split-Phase Solar System','US standard split-phase solar system family for higher residential and light commercial requirements with larger PV input and lithium battery storage.',NULL,'us-standard-split-phase-solar-system-10-20kw',0,'in_stock','2026-06-26 09:23:30','2026-06-26 09:23:30'),(26,'High Voltage Rack Battery Kit','High-voltage rack battery system for three-phase solar storage and larger commercial energy projects.',NULL,'high-voltage-rack-battery-kit',0,'in_stock','2026-06-26 09:23:30','2026-06-26 09:23:30'),(27,'Residential ESS 6kW / 5.12kWh','Single-phase residential energy storage kit with a 6kW hybrid inverter and 5.12kWh LiFePO4 battery for solar self-consumption, essential-load backup, and time-of-use operation.',NULL,'residential-ess-6kw-5-12kwh',1,'in_stock','2026-06-28 09:47:26','2026-06-28 09:47:26'),(28,'Residential ESS 6kW / 10.24kWh','Extended-runtime single-phase residential energy storage kit with a 6kW hybrid inverter and 10.24kWh LiFePO4 battery.',NULL,'residential-ess-6kw-10-24kwh',1,'in_stock','2026-06-28 09:47:26','2026-06-28 09:47:26'),(29,'Three-Phase ESS 15kW / 51.2kWh','Commercial three-phase energy storage kit with a 15kW high-voltage hybrid inverter, 51.2kWh battery rack, BMS communication, and energy management.',NULL,'three-phase-ess-15kw-51-2kwh',1,'in_stock','2026-06-28 09:47:26','2026-06-28 09:47:26');
/*!40000 ALTER TABLE `Kits` ENABLE KEYS */;
UNLOCK TABLES;

--
-- Table structure for table `ProductImages`
--

DROP TABLE IF EXISTS `ProductImages`;
/*!40101 SET @saved_cs_client     = @@character_set_client */;
/*!50503 SET character_set_client = utf8mb4 */;
CREATE TABLE `ProductImages` (
  `id` int NOT NULL AUTO_INCREMENT,
  `product_id` int NOT NULL,
  `image_url` varchar(500) CHARACTER SET utf8mb4 COLLATE utf8mb4_unicode_ci NOT NULL,
  `alt_text` varchar(255) CHARACTER SET utf8mb4 COLLATE utf8mb4_unicode_ci DEFAULT NULL,
  `sort_order` int DEFAULT '0',
  `created_at` timestamp NULL DEFAULT CURRENT_TIMESTAMP,
  PRIMARY KEY (`id`),
  KEY `idx_product_images_product_id` (`product_id`),
  CONSTRAINT `ProductImages_ibfk_1` FOREIGN KEY (`product_id`) REFERENCES `Products` (`id`) ON DELETE CASCADE
) ENGINE=InnoDB AUTO_INCREMENT=14 DEFAULT CHARSET=utf8mb4 COLLATE=utf8mb4_unicode_ci;
/*!40101 SET character_set_client = @saved_cs_client */;

--
-- Dumping data for table `ProductImages`
--

LOCK TABLES `ProductImages` WRITE;
/*!40000 ALTER TABLE `ProductImages` DISABLE KEYS */;
INSERT INTO `ProductImages` VALUES (1,203,'/uploads/products/SUN-3-6-10K-SG05LP1-EU-SM2-P-1782553335768-406004959.webp',NULL,0,'2026-06-27 09:42:16'),(2,203,'/uploads/products/7-8k-sg05lp1-4-1782553336338-373739381.webp',NULL,1,'2026-06-27 09:42:16'),(4,203,'/uploads/products/SUN-3-6-10K-SG05LP1-EU-SM2-P-1782553453176-137425279.webp',NULL,0,'2026-06-27 09:44:13'),(5,203,'/uploads/products/7-8k-sg05lp1-4-1782553453756-752143122.webp',NULL,1,'2026-06-27 09:44:13'),(8,206,'/uploads/products/sun-16k-sg04lp1-4-1782641958173-462695869.webp',NULL,0,'2026-06-28 10:19:18'),(9,206,'/uploads/products/sun-16k-sg04lp1-3-1782641958194-617453880.webp',NULL,1,'2026-06-28 10:19:18'),(10,206,'/uploads/products/sun-16k-sg04lp1-2-1782641958361-617501076.webp',NULL,2,'2026-06-28 10:19:18'),(11,308,'/uploads/products/WhatsApp-Image-2026-06-28-at-09-38-53-1782645428277-235468279.jpeg',NULL,0,'2026-06-28 11:17:08'),(12,308,'/uploads/products/WhatsApp-Image-2026-06-28-at-09-39-02-1782645428561-195480279.jpeg',NULL,1,'2026-06-28 11:17:08'),(13,308,'/uploads/products/WhatsApp-Image-2026-06-28-at-09-39-13-1782645428732-525379006.jpeg',NULL,2,'2026-06-28 11:17:08');
/*!40000 ALTER TABLE `ProductImages` ENABLE KEYS */;
UNLOCK TABLES;

--
-- Table structure for table `ProductModels`
--

DROP TABLE IF EXISTS `ProductModels`;
/*!40101 SET @saved_cs_client     = @@character_set_client */;
/*!50503 SET character_set_client = utf8mb4 */;
CREATE TABLE `ProductModels` (
  `id` int NOT NULL AUTO_INCREMENT,
  `product_id` int NOT NULL,
  `model_code` varchar(150) CHARACTER SET utf8mb4 COLLATE utf8mb4_unicode_ci NOT NULL,
  `display_name` varchar(150) CHARACTER SET utf8mb4 COLLATE utf8mb4_unicode_ci NOT NULL,
  `nominal_power` varchar(50) CHARACTER SET utf8mb4 COLLATE utf8mb4_unicode_ci DEFAULT NULL,
  `price` decimal(10,2) DEFAULT NULL,
  `stock_status` enum('in_stock','out_of_stock','pre_order') CHARACTER SET utf8mb4 COLLATE utf8mb4_unicode_ci DEFAULT 'in_stock',
  `is_default` tinyint(1) DEFAULT '0',
  `sort_order` int DEFAULT '0',
  `created_at` timestamp NULL DEFAULT CURRENT_TIMESTAMP,
  `updated_at` timestamp NULL DEFAULT CURRENT_TIMESTAMP ON UPDATE CURRENT_TIMESTAMP,
  PRIMARY KEY (`id`),
  UNIQUE KEY `unique_product_model_code` (`product_id`,`model_code`),
  KEY `idx_product_models_product` (`product_id`,`sort_order`),
  CONSTRAINT `ProductModels_ibfk_1` FOREIGN KEY (`product_id`) REFERENCES `Products` (`id`) ON DELETE CASCADE
) ENGINE=InnoDB AUTO_INCREMENT=21030 DEFAULT CHARSET=utf8mb4 COLLATE=utf8mb4_unicode_ci;
/*!40101 SET character_set_client = @saved_cs_client */;

--
-- Dumping data for table `ProductModels`
--

LOCK TABLES `ProductModels` WRITE;
/*!40000 ALTER TABLE `ProductModels` DISABLE KEYS */;
INSERT INTO `ProductModels` VALUES (20701,207,'SUN-5K-SG01HP3-EU-AM2','5kW','5kW',NULL,'in_stock',0,1,'2026-06-28 09:47:26','2026-06-28 09:47:26'),(20702,207,'SUN-6K-SG01HP3-EU-AM2','6kW','6kW',NULL,'in_stock',0,2,'2026-06-28 09:47:26','2026-06-28 09:47:26'),(20703,207,'SUN-8K-SG01HP3-EU-AM2','8kW','8kW',NULL,'in_stock',0,3,'2026-06-28 09:47:26','2026-06-28 09:47:26'),(20704,207,'SUN-10K-SG01HP3-EU-AM2','10kW','10kW',NULL,'in_stock',0,4,'2026-06-28 09:47:26','2026-06-28 09:47:26'),(20705,207,'SUN-12K-SG01HP3-EU-AM2','12kW','12kW',NULL,'in_stock',0,5,'2026-06-28 09:47:26','2026-06-28 09:47:26'),(20706,207,'SUN-15K-SG01HP3-EU-AM2','15kW','15kW',NULL,'in_stock',1,6,'2026-06-28 09:47:26','2026-06-28 09:47:26'),(20707,207,'SUN-20K-SG01HP3-EU-AM2','20kW','20kW',NULL,'in_stock',0,7,'2026-06-28 09:47:26','2026-06-28 09:47:26'),(20708,207,'SUN-25K-SG01HP3-EU-AM2','25kW','25kW',NULL,'in_stock',0,8,'2026-06-28 09:47:26','2026-06-28 09:47:26'),(21008,210,'SUN-3K-SG05LP3-EU-SM2','3kW','3kW',NULL,'in_stock',0,0,'2026-06-28 10:10:49','2026-06-28 10:10:49'),(21009,210,'SUN-4K-SG05LP3-EU-SM2','4kW','4kW',NULL,'in_stock',0,1,'2026-06-28 10:10:49','2026-06-28 10:10:49'),(21010,210,'SUN-5K-SG05LP3-EU-SM2','5kW','5kW',NULL,'in_stock',0,2,'2026-06-28 10:10:49','2026-06-28 10:10:49'),(21011,210,'SUN-6K-SG05LP3-EU-SM2','6kW','6kW',NULL,'in_stock',1,3,'2026-06-28 10:10:49','2026-06-28 10:10:49'),(21012,210,'SUN-8K-SG05LP3-EU-SM2','8kW','8kW',NULL,'in_stock',0,4,'2026-06-28 10:10:49','2026-06-28 10:10:49'),(21013,210,'SUN-10K-SG05LP3-EU-SM2','10kW','10kW',NULL,'in_stock',0,5,'2026-06-28 10:10:49','2026-06-28 10:10:49'),(21014,210,'SUN-12K-SG05LP3-EU-SM2','12kW','12kW',NULL,'in_stock',0,6,'2026-06-28 10:10:49','2026-06-28 10:10:49'),(21015,206,'SUN-12K-SG01LP1-EU','12kW','12kW',NULL,'in_stock',1,0,'2026-06-28 10:19:18','2026-06-28 10:19:18'),(21016,206,'SUN-14K-SG01LP1-EU','14kW','14kW',NULL,'in_stock',0,1,'2026-06-28 10:19:18','2026-06-28 10:19:18'),(21017,206,'SUN-16K-SG01LP1-EU','16kW','16kW',NULL,'in_stock',0,2,'2026-06-28 10:19:18','2026-06-28 10:19:18'),(21018,203,'SUN-3.6K-SG05LP1-EU','3.6kW','3.6kW',NULL,'in_stock',0,0,'2026-06-28 10:26:39','2026-06-28 10:26:39'),(21019,203,'SUN-5K-SG05LP1-EU','5kW','5kW',NULL,'in_stock',0,1,'2026-06-28 10:26:39','2026-06-28 10:26:39'),(21020,203,'SUN-6K-SG05LP1-EU','6kW','6kW',NULL,'in_stock',1,2,'2026-06-28 10:26:39','2026-06-28 10:26:39'),(21021,203,'SUN-7K-SG05LP1-EU','7kW','7kW',NULL,'in_stock',0,3,'2026-06-28 10:26:39','2026-06-28 10:26:39'),(21022,203,'SUN-7.6K-SG05LP1-EU','7.6kW','7.6kW',NULL,'in_stock',0,4,'2026-06-28 10:26:39','2026-06-28 10:26:39'),(21023,203,'SUN-8K-SG05LP1-EU','8kW','8kW',NULL,'in_stock',0,5,'2026-06-28 10:26:39','2026-06-28 10:26:39'),(21024,203,'SUN-10K-SG05LP1-EU','10kW','10kW',NULL,'in_stock',0,6,'2026-06-28 10:26:39','2026-06-28 10:26:39'),(21025,209,'SUN-29.9K-SG01HP3-EU-BM3','29.9kW','29.9kW',NULL,'in_stock',0,0,'2026-06-28 10:34:19','2026-06-28 10:34:19'),(21026,209,'SUN-30K-SG01HP3-EU-BM3','30kW','30kW',NULL,'in_stock',1,1,'2026-06-28 10:34:19','2026-06-28 10:34:19'),(21027,209,'SUN-35K-SG01HP3-EU-BM3','35kW','35kW',NULL,'in_stock',0,2,'2026-06-28 10:34:19','2026-06-28 10:34:19'),(21028,209,'SUN-40K-SG01HP3-EU-BM4','40kW','40kW',NULL,'in_stock',0,3,'2026-06-28 10:34:19','2026-06-28 10:34:19'),(21029,209,'SUN-50K-SG01HP3-EU-BM4','50kW','50kW',NULL,'in_stock',0,4,'2026-06-28 10:34:19','2026-06-28 10:34:19');
/*!40000 ALTER TABLE `ProductModels` ENABLE KEYS */;
UNLOCK TABLES;

--
-- Table structure for table `ProductSpecifications`
--

DROP TABLE IF EXISTS `ProductSpecifications`;
/*!40101 SET @saved_cs_client     = @@character_set_client */;
/*!50503 SET character_set_client = utf8mb4 */;
CREATE TABLE `ProductSpecifications` (
  `id` int NOT NULL AUTO_INCREMENT,
  `product_id` int NOT NULL,
  `section_name` varchar(100) CHARACTER SET utf8mb4 COLLATE utf8mb4_unicode_ci NOT NULL DEFAULT 'General',
  `spec_key` varchar(100) CHARACTER SET utf8mb4 COLLATE utf8mb4_unicode_ci NOT NULL,
  `label` varchar(180) CHARACTER SET utf8mb4 COLLATE utf8mb4_unicode_ci NOT NULL,
  `unit` varchar(40) CHARACTER SET utf8mb4 COLLATE utf8mb4_unicode_ci DEFAULT NULL,
  `value_mode` enum('shared','custom') CHARACTER SET utf8mb4 COLLATE utf8mb4_unicode_ci NOT NULL DEFAULT 'shared',
  `shared_value` text CHARACTER SET utf8mb4 COLLATE utf8mb4_unicode_ci,
  `model_values` json DEFAULT NULL,
  `sort_order` int DEFAULT '0',
  `created_at` timestamp NULL DEFAULT CURRENT_TIMESTAMP,
  `updated_at` timestamp NULL DEFAULT CURRENT_TIMESTAMP ON UPDATE CURRENT_TIMESTAMP,
  PRIMARY KEY (`id`),
  UNIQUE KEY `unique_product_spec_key` (`product_id`,`spec_key`),
  KEY `idx_product_specifications_product` (`product_id`,`sort_order`),
  CONSTRAINT `ProductSpecifications_ibfk_1` FOREIGN KEY (`product_id`) REFERENCES `Products` (`id`) ON DELETE CASCADE,
  CONSTRAINT `ProductSpecifications_chk_1` CHECK ((((`value_mode` = _utf8mb4'shared') and (`shared_value` is not null)) or ((`value_mode` = _utf8mb4'custom') and (`model_values` is not null))))
) ENGINE=InnoDB AUTO_INCREMENT=200 DEFAULT CHARSET=utf8mb4 COLLATE=utf8mb4_unicode_ci;
/*!40101 SET character_set_client = @saved_cs_client */;

--
-- Dumping data for table `ProductSpecifications`
--

LOCK TABLES `ProductSpecifications` WRITE;
/*!40000 ALTER TABLE `ProductSpecifications` DISABLE KEYS */;
INSERT INTO `ProductSpecifications` VALUES (38,207,'Battery Input','battery_type','Battery Type',NULL,'shared','Lithium-ion with BMS',NULL,1,'2026-06-28 09:47:26','2026-06-28 09:47:26'),(39,207,'Battery Input','battery_voltage_range','Battery Voltage Range','V DC','shared','160-700',NULL,2,'2026-06-28 09:47:26','2026-06-28 09:47:26'),(40,207,'Battery Input','max_charge_current','Maximum Charging Current','A','custom',NULL,'{\"SUN-5K-SG01HP3-EU-AM2\": \"30\", \"SUN-6K-SG01HP3-EU-AM2\": \"30\", \"SUN-8K-SG01HP3-EU-AM2\": \"30\", \"SUN-10K-SG01HP3-EU-AM2\": \"30\", \"SUN-12K-SG01HP3-EU-AM2\": \"30\", \"SUN-15K-SG01HP3-EU-AM2\": \"37\", \"SUN-20K-SG01HP3-EU-AM2\": \"50\", \"SUN-25K-SG01HP3-EU-AM2\": \"50\"}',3,'2026-06-28 09:47:26','2026-06-28 09:47:26'),(41,207,'PV Input','max_pv_access_power','Maximum PV Access Power','W','custom',NULL,'{\"SUN-5K-SG01HP3-EU-AM2\": \"10000\", \"SUN-6K-SG01HP3-EU-AM2\": \"12000\", \"SUN-8K-SG01HP3-EU-AM2\": \"16000\", \"SUN-10K-SG01HP3-EU-AM2\": \"20000\", \"SUN-12K-SG01HP3-EU-AM2\": \"24000\", \"SUN-15K-SG01HP3-EU-AM2\": \"30000\", \"SUN-20K-SG01HP3-EU-AM2\": \"40000\", \"SUN-25K-SG01HP3-EU-AM2\": \"50000\"}',4,'2026-06-28 09:47:26','2026-06-28 09:47:26'),(42,207,'PV Input','max_pv_input_power','Maximum PV Input Power','W','custom',NULL,'{\"SUN-5K-SG01HP3-EU-AM2\": \"8000\", \"SUN-6K-SG01HP3-EU-AM2\": \"9600\", \"SUN-8K-SG01HP3-EU-AM2\": \"12800\", \"SUN-10K-SG01HP3-EU-AM2\": \"16000\", \"SUN-12K-SG01HP3-EU-AM2\": \"19200\", \"SUN-15K-SG01HP3-EU-AM2\": \"24000\", \"SUN-20K-SG01HP3-EU-AM2\": \"32000\", \"SUN-25K-SG01HP3-EU-AM2\": \"40000\"}',5,'2026-06-28 09:47:26','2026-06-28 09:47:26'),(43,207,'PV Input','max_pv_voltage','Maximum PV Input Voltage','V DC','shared','1000',NULL,6,'2026-06-28 09:47:26','2026-06-28 09:47:26'),(44,207,'PV Input','mppt_range','MPPT Voltage Range','V DC','shared','150-850',NULL,7,'2026-06-28 09:47:26','2026-06-28 09:47:26'),(45,207,'PV Input','mppt_trackers','MPPT Trackers',NULL,'shared','2',NULL,8,'2026-06-28 09:47:26','2026-06-28 09:47:26'),(46,207,'AC Input and Output','rated_ac_power','Rated AC Input/Output Active Power','W','custom',NULL,'{\"SUN-5K-SG01HP3-EU-AM2\": \"5000\", \"SUN-6K-SG01HP3-EU-AM2\": \"6000\", \"SUN-8K-SG01HP3-EU-AM2\": \"8000\", \"SUN-10K-SG01HP3-EU-AM2\": \"10000\", \"SUN-12K-SG01HP3-EU-AM2\": \"12000\", \"SUN-15K-SG01HP3-EU-AM2\": \"15000\", \"SUN-20K-SG01HP3-EU-AM2\": \"20000\", \"SUN-25K-SG01HP3-EU-AM2\": \"25000\"}',9,'2026-06-28 09:47:26','2026-06-28 09:47:26'),(47,207,'AC Input and Output','max_apparent_power','Maximum Apparent Power','VA','custom',NULL,'{\"SUN-5K-SG01HP3-EU-AM2\": \"5500\", \"SUN-6K-SG01HP3-EU-AM2\": \"6600\", \"SUN-8K-SG01HP3-EU-AM2\": \"8800\", \"SUN-10K-SG01HP3-EU-AM2\": \"11000\", \"SUN-12K-SG01HP3-EU-AM2\": \"13200\", \"SUN-15K-SG01HP3-EU-AM2\": \"16500\", \"SUN-20K-SG01HP3-EU-AM2\": \"22000\", \"SUN-25K-SG01HP3-EU-AM2\": \"27500\"}',10,'2026-06-28 09:47:26','2026-06-28 09:47:26'),(48,207,'AC Input and Output','rated_voltage','Rated Input/Output Voltage',NULL,'shared','220/380V or 230/400V AC, 3L+N+PE',NULL,11,'2026-06-28 09:47:26','2026-06-28 09:47:26'),(49,207,'Performance','maximum_efficiency','Maximum Efficiency','%','shared','97.6',NULL,12,'2026-06-28 09:47:26','2026-06-28 09:47:26'),(50,207,'Performance','mppt_efficiency','MPPT Efficiency','%','shared','>99',NULL,13,'2026-06-28 09:47:26','2026-06-28 09:47:26'),(51,207,'General','communication','Communication',NULL,'shared','RS485 / RS232 / CAN; optional wireless monitoring',NULL,14,'2026-06-28 09:47:26','2026-06-28 09:47:26'),(52,207,'General','protection_rating','Ingress Protection',NULL,'shared','IP65',NULL,15,'2026-06-28 09:47:26','2026-06-28 09:47:26'),(53,207,'General','dimensions','Cabinet Dimensions','mm','shared','408 x 638 x 237',NULL,16,'2026-06-28 09:47:26','2026-06-28 09:47:26'),(54,207,'General','weight','Weight','kg','shared','30.5',NULL,17,'2026-06-28 09:47:26','2026-06-28 09:47:26'),(109,210,'Battery Input','battery_type','Battery Type',NULL,'shared','Lead-acid or Lithium-ion',NULL,0,'2026-06-28 10:10:49','2026-06-28 10:10:49'),(110,210,'Battery Input','battery_voltage_range','Battery Voltage Range','V DC','shared','40-60',NULL,1,'2026-06-28 10:10:49','2026-06-28 10:10:49'),(111,210,'Battery Input','max_charge_discharge_current','Maximum Charging/Discharging Current','A','custom',NULL,'{\"SUN-3K-SG05LP3-EU-SM2\": \"70\", \"SUN-4K-SG05LP3-EU-SM2\": \"95\", \"SUN-5K-SG05LP3-EU-SM2\": \"120\", \"SUN-6K-SG05LP3-EU-SM2\": \"135\", \"SUN-8K-SG05LP3-EU-SM2\": \"190\", \"SUN-10K-SG05LP3-EU-SM2\": \"210\", \"SUN-12K-SG05LP3-EU-SM2\": \"240\"}',2,'2026-06-28 10:10:49','2026-06-28 10:10:49'),(112,210,'Battery Input','charging_strategy','Lithium Battery Charging Strategy',NULL,'shared','Automatic BMS adaptation',NULL,3,'2026-06-28 10:10:49','2026-06-28 10:10:49'),(113,210,'Battery Input','battery_inputs','Battery Inputs',NULL,'shared','1',NULL,4,'2026-06-28 10:10:49','2026-06-28 10:10:49'),(114,210,'PV Input','max_pv_access_power','Maximum PV Access Power','W','custom',NULL,'{\"SUN-3K-SG05LP3-EU-SM2\": \"6000\", \"SUN-4K-SG05LP3-EU-SM2\": \"8000\", \"SUN-5K-SG05LP3-EU-SM2\": \"10000\", \"SUN-6K-SG05LP3-EU-SM2\": \"12000\", \"SUN-8K-SG05LP3-EU-SM2\": \"16000\", \"SUN-10K-SG05LP3-EU-SM2\": \"20000\", \"SUN-12K-SG05LP3-EU-SM2\": \"24000\"}',5,'2026-06-28 10:10:49','2026-06-28 10:10:49'),(115,210,'PV Input','max_pv_input_power','Maximum PV Input Power','W','custom',NULL,'{\"SUN-3K-SG05LP3-EU-SM2\": \"4500\", \"SUN-4K-SG05LP3-EU-SM2\": \"6400\", \"SUN-5K-SG05LP3-EU-SM2\": \"8000\", \"SUN-6K-SG05LP3-EU-SM2\": \"9600\", \"SUN-8K-SG05LP3-EU-SM2\": \"12800\", \"SUN-10K-SG05LP3-EU-SM2\": \"16000\", \"SUN-12K-SG05LP3-EU-SM2\": \"19200\"}',6,'2026-06-28 10:10:49','2026-06-28 10:10:49'),(116,210,'PV Input','max_pv_voltage','Maximum PV Input Voltage','V DC','shared','800',NULL,7,'2026-06-28 10:10:49','2026-06-28 10:10:49'),(117,210,'PV Input','startup_voltage','Start-up Voltage','V DC','shared','160',NULL,8,'2026-06-28 10:10:49','2026-06-28 10:10:49'),(118,210,'PV Input','mppt_range','MPPT Voltage Range','V DC','shared','200-650',NULL,9,'2026-06-28 10:10:49','2026-06-28 10:10:49'),(119,210,'PV Input','rated_pv_voltage','Rated PV Input Voltage','V DC','shared','550',NULL,10,'2026-06-28 10:10:49','2026-06-28 10:10:49'),(120,210,'PV Input','mppt_trackers','MPPT Trackers',NULL,'shared','2',NULL,11,'2026-06-28 10:10:49','2026-06-28 10:10:49'),(121,210,'AC Input and Output','rated_ac_power','Rated AC Input/Output Active Power','W','custom',NULL,'{\"SUN-3K-SG05LP3-EU-SM2\": \"3000\", \"SUN-4K-SG05LP3-EU-SM2\": \"4000\", \"SUN-5K-SG05LP3-EU-SM2\": \"5000\", \"SUN-6K-SG05LP3-EU-SM2\": \"6000\", \"SUN-8K-SG05LP3-EU-SM2\": \"8000\", \"SUN-10K-SG05LP3-EU-SM2\": \"10000\", \"SUN-12K-SG05LP3-EU-SM2\": \"12000\"}',12,'2026-06-28 10:10:49','2026-06-28 10:10:49'),(122,210,'AC Input and Output','max_apparent_power','Maximum Apparent Power','VA','custom',NULL,'{\"SUN-3K-SG05LP3-EU-SM2\": \"3300\", \"SUN-4K-SG05LP3-EU-SM2\": \"4400\", \"SUN-5K-SG05LP3-EU-SM2\": \"5500\", \"SUN-6K-SG05LP3-EU-SM2\": \"6600\", \"SUN-8K-SG05LP3-EU-SM2\": \"8800\", \"SUN-10K-SG05LP3-EU-SM2\": \"11000\", \"SUN-12K-SG05LP3-EU-SM2\": \"13200\"}',13,'2026-06-28 10:10:49','2026-06-28 10:10:49'),(123,210,'AC Input and Output','rated_ac_current','Rated AC Input/Output Current','A','custom',NULL,'{\"SUN-3K-SG05LP3-EU-SM2\": \"4.6/4.4\", \"SUN-4K-SG05LP3-EU-SM2\": \"6.1/5.8\", \"SUN-5K-SG05LP3-EU-SM2\": \"7.6/7.3\", \"SUN-6K-SG05LP3-EU-SM2\": \"9.1/8.7\", \"SUN-8K-SG05LP3-EU-SM2\": \"12.2/11.6\", \"SUN-10K-SG05LP3-EU-SM2\": \"15.2/14.5\", \"SUN-12K-SG05LP3-EU-SM2\": \"18.2/17.4\"}',14,'2026-06-28 10:10:49','2026-06-28 10:10:49'),(124,210,'AC Input and Output','max_ac_current','Maximum AC Input/Output Current','A','custom',NULL,'{\"SUN-3K-SG05LP3-EU-SM2\": \"5/4.8\", \"SUN-4K-SG05LP3-EU-SM2\": \"6.7/6.4\", \"SUN-5K-SG05LP3-EU-SM2\": \"8.4/8\", \"SUN-6K-SG05LP3-EU-SM2\": \"10/9.6\", \"SUN-8K-SG05LP3-EU-SM2\": \"13.4/12.8\", \"SUN-10K-SG05LP3-EU-SM2\": \"16.7/16\", \"SUN-12K-SG05LP3-EU-SM2\": \"20/19.2\"}',15,'2026-06-28 10:10:49','2026-06-28 10:10:49'),(125,210,'AC Input and Output','ac_passthrough','Maximum Continuous AC Passthrough','A','shared','45',NULL,16,'2026-06-28 10:10:49','2026-06-28 10:10:49'),(126,210,'AC Input and Output','peak_power','Peak Off-grid Power',NULL,'shared','2 times rated power for 10 seconds',NULL,17,'2026-06-28 10:10:49','2026-06-28 10:10:49'),(127,210,'AC Input and Output','rated_voltage','Rated Input/Output Voltage',NULL,'shared','220/380V or 230/400V AC, 3L+N+PE',NULL,18,'2026-06-28 10:10:49','2026-06-28 10:10:49'),(128,210,'AC Input and Output','grid_frequency','Grid Frequency Range','Hz','shared','50/45-55 or 60/55-65',NULL,19,'2026-06-28 10:10:49','2026-06-28 10:10:49'),(129,210,'AC Input and Output','current_thd','Total Current Harmonic Distortion',NULL,'shared','<3% at nominal power',NULL,20,'2026-06-28 10:10:49','2026-06-28 10:10:49'),(130,210,'Performance','maximum_efficiency','Maximum Efficiency','%','shared','97.6',NULL,21,'2026-06-28 10:10:49','2026-06-28 10:10:49'),(131,210,'Performance','euro_efficiency','Euro Efficiency','%','shared','97.0',NULL,22,'2026-06-28 10:10:49','2026-06-28 10:10:49'),(132,210,'Performance','mppt_efficiency','MPPT Efficiency','%','shared','>99',NULL,23,'2026-06-28 10:10:49','2026-06-28 10:10:49'),(133,210,'Protection','integrated_protection','Integrated Protection',NULL,'shared','DC reverse polarity, AC overcurrent, thermal, overvoltage, short circuit, anti-islanding, insulation and residual-current protection',NULL,24,'2026-06-28 10:10:49','2026-06-28 10:10:49'),(134,210,'Protection','surge_protection','Surge Protection',NULL,'shared','Type II DC / Type II AC',NULL,25,'2026-06-28 10:10:49','2026-06-28 10:10:49'),(135,210,'Interface','display','Display',NULL,'shared','LCD',NULL,26,'2026-06-28 10:10:49','2026-06-28 10:10:49'),(136,210,'Interface','communication','Communication',NULL,'shared','Wi-Fi / RS485 / CAN',NULL,27,'2026-06-28 10:10:49','2026-06-28 10:10:49'),(137,210,'General','operating_temperature','Operating Temperature','C','shared','-40 to +60; derating above 45',NULL,28,'2026-06-28 10:10:49','2026-06-28 10:10:49'),(138,210,'General','humidity','Permissible Ambient Humidity','%','shared','0-100',NULL,29,'2026-06-28 10:10:49','2026-06-28 10:10:49'),(139,210,'General','altitude','Permissible Altitude','m','shared','3000',NULL,30,'2026-06-28 10:10:49','2026-06-28 10:10:49'),(140,210,'General','noise','Noise','dB','shared','<=55',NULL,31,'2026-06-28 10:10:49','2026-06-28 10:10:49'),(141,210,'General','protection_rating','Ingress Protection',NULL,'shared','IP65',NULL,32,'2026-06-28 10:10:49','2026-06-28 10:10:49'),(142,210,'General','dimensions','Cabinet Dimensions','mm','shared','386 x 660 x 250',NULL,33,'2026-06-28 10:10:49','2026-06-28 10:10:49'),(143,210,'General','weight','Weight','kg','shared','35.2',NULL,34,'2026-06-28 10:10:49','2026-06-28 10:10:49'),(144,210,'General','cooling','Cooling',NULL,'shared','Intelligent air cooling',NULL,35,'2026-06-28 10:10:49','2026-06-28 10:10:49'),(145,206,'Battery Input','battery_type','Battery Type',NULL,'shared','Lead-acid or Lithium-ion',NULL,0,'2026-06-28 10:19:18','2026-06-28 10:19:18'),(146,206,'Battery Input','battery_voltage_range','Battery Voltage Range','V DC','shared','40-60',NULL,1,'2026-06-28 10:19:18','2026-06-28 10:19:18'),(147,206,'Battery Input','max_charge_discharge_current','Maximum Charging/Discharging Current','A','custom',NULL,'{\"SUN-12K-SG01LP1-EU\": \"220\", \"SUN-14K-SG01LP1-EU\": \"250\", \"SUN-16K-SG01LP1-EU\": \"290\"}',2,'2026-06-28 10:19:18','2026-06-28 10:19:18'),(148,206,'Battery Input','battery_inputs','Battery Inputs',NULL,'shared','2',NULL,3,'2026-06-28 10:19:18','2026-06-28 10:19:18'),(149,206,'PV Input','max_pv_access_power','Maximum PV Access Power','W','custom',NULL,'{\"SUN-12K-SG01LP1-EU\": \"24000\", \"SUN-14K-SG01LP1-EU\": \"28000\", \"SUN-16K-SG01LP1-EU\": \"32000\"}',4,'2026-06-28 10:19:18','2026-06-28 10:19:18'),(150,206,'PV Input','max_pv_input_power','Maximum PV Input Power','W','custom',NULL,'{\"SUN-12K-SG01LP1-EU\": \"19200\", \"SUN-14K-SG01LP1-EU\": \"22400\", \"SUN-16K-SG01LP1-EU\": \"25600\"}',5,'2026-06-28 10:19:18','2026-06-28 10:19:18'),(151,206,'PV Input','max_pv_voltage','Maximum PV Input Voltage','V DC','shared','500',NULL,6,'2026-06-28 10:19:18','2026-06-28 10:19:18'),(152,206,'PV Input','mppt_range','MPPT Voltage Range','V DC','shared','150-425',NULL,7,'2026-06-28 10:19:18','2026-06-28 10:19:18'),(153,206,'PV Input','mppt_trackers','MPPT Trackers / Strings',NULL,'shared','3 / 2+2+2',NULL,8,'2026-06-28 10:19:18','2026-06-28 10:19:18'),(154,206,'AC Input and Output','rated_ac_power','Rated AC Input/Output Active Power','W','custom',NULL,'{\"SUN-12K-SG01LP1-EU\": \"12000\", \"SUN-14K-SG01LP1-EU\": \"14000\", \"SUN-16K-SG01LP1-EU\": \"16000\"}',9,'2026-06-28 10:19:18','2026-06-28 10:19:18'),(155,206,'AC Input and Output','max_apparent_power','Maximum Apparent Power','VA','custom',NULL,'{\"SUN-12K-SG01LP1-EU\": \"13200\", \"SUN-14K-SG01LP1-EU\": \"15400\", \"SUN-16K-SG01LP1-EU\": \"17600\"}',10,'2026-06-28 10:19:18','2026-06-28 10:19:18'),(156,206,'AC Input and Output','rated_voltage','Rated Input/Output Voltage',NULL,'shared','220/230V AC, L+N+PE',NULL,11,'2026-06-28 10:19:18','2026-06-28 10:19:18'),(157,206,'Performance','maximum_efficiency','Maximum Efficiency','%','shared','97.6',NULL,12,'2026-06-28 10:19:18','2026-06-28 10:19:18'),(158,206,'Performance','mppt_efficiency','MPPT Efficiency','%','shared','>99',NULL,13,'2026-06-28 10:19:18','2026-06-28 10:19:18'),(159,206,'General','communication','Communication',NULL,'shared','Wi-Fi / RS485 / CAN',NULL,14,'2026-06-28 10:19:18','2026-06-28 10:19:18'),(160,206,'General','protection_rating','Ingress Protection',NULL,'shared','IP65',NULL,15,'2026-06-28 10:19:18','2026-06-28 10:19:18'),(161,206,'General','dimensions','Cabinet Dimensions','mm','shared','464 x 763 x 282',NULL,16,'2026-06-28 10:19:18','2026-06-28 10:19:18'),(162,206,'General','weight','Weight','kg','shared','52',NULL,17,'2026-06-28 10:19:18','2026-06-28 10:19:18'),(163,203,'Battery Input','battery_type','Battery Type',NULL,'shared','Lead-acid or Lithium-ion',NULL,0,'2026-06-28 10:26:39','2026-06-28 10:26:39'),(164,203,'Battery Input','battery_voltage_range','Battery Voltage Range','V DC','shared','40-60',NULL,1,'2026-06-28 10:26:39','2026-06-28 10:26:39'),(165,203,'Battery Input','max_charge_current','Maximum Charging Current','A','custom',NULL,'{\"SUN-5K-SG05LP1-EU\": \"120\", \"SUN-6K-SG05LP1-EU\": \"135\", \"SUN-7K-SG05LP1-EU\": \"175\", \"SUN-8K-SG05LP1-EU\": \"190\", \"SUN-10K-SG05LP1-EU\": \"210\", \"SUN-3.6K-SG05LP1-EU\": \"90\", \"SUN-7.6K-SG05LP1-EU\": \"190\"}',2,'2026-06-28 10:26:39','2026-06-28 10:26:39'),(166,203,'Battery Input','max_discharge_current','Maximum Discharging Current','A','custom',NULL,'{\"SUN-5K-SG05LP1-EU\": \"120\", \"SUN-6K-SG05LP1-EU\": \"135\", \"SUN-7K-SG05LP1-EU\": \"175\", \"SUN-8K-SG05LP1-EU\": \"190\", \"SUN-10K-SG05LP1-EU\": \"210\", \"SUN-3.6K-SG05LP1-EU\": \"90\", \"SUN-7.6K-SG05LP1-EU\": \"190\"}',3,'2026-06-28 10:26:39','2026-06-28 10:26:39'),(167,203,'PV Input','max_pv_access_power','Maximum PV Access Power','W','custom',NULL,'{\"SUN-5K-SG05LP1-EU\": \"10000\", \"SUN-6K-SG05LP1-EU\": \"12000\", \"SUN-7K-SG05LP1-EU\": \"14000\", \"SUN-8K-SG05LP1-EU\": \"16000\", \"SUN-10K-SG05LP1-EU\": \"20000\", \"SUN-3.6K-SG05LP1-EU\": \"7200\", \"SUN-7.6K-SG05LP1-EU\": \"15200\"}',4,'2026-06-28 10:26:39','2026-06-28 10:26:39'),(168,203,'PV Input','max_pv_input_power','Maximum PV Input Power','W','custom',NULL,'{\"SUN-5K-SG05LP1-EU\": \"8000\", \"SUN-6K-SG05LP1-EU\": \"9600\", \"SUN-7K-SG05LP1-EU\": \"11200\", \"SUN-8K-SG05LP1-EU\": \"12800\", \"SUN-10K-SG05LP1-EU\": \"16000\", \"SUN-3.6K-SG05LP1-EU\": \"5760\", \"SUN-7.6K-SG05LP1-EU\": \"12160\"}',5,'2026-06-28 10:26:39','2026-06-28 10:26:39'),(169,203,'PV Input','max_pv_voltage','Maximum PV Input Voltage','V DC','shared','500',NULL,6,'2026-06-28 10:26:39','2026-06-28 10:26:39'),(170,203,'PV Input','mppt_range','MPPT Voltage Range','V DC','shared','150-425',NULL,7,'2026-06-28 10:26:39','2026-06-28 10:26:39'),(171,203,'PV Input','mppt_trackers','MPPT Trackers',NULL,'shared','2',NULL,8,'2026-06-28 10:26:39','2026-06-28 10:26:39'),(172,203,'AC Input and Output','rated_ac_power','Rated AC Input/Output Active Power','W','custom',NULL,'{\"SUN-5K-SG05LP1-EU\": \"5000\", \"SUN-6K-SG05LP1-EU\": \"6000\", \"SUN-7K-SG05LP1-EU\": \"7000\", \"SUN-8K-SG05LP1-EU\": \"8000\", \"SUN-10K-SG05LP1-EU\": \"10000\", \"SUN-3.6K-SG05LP1-EU\": \"3600\", \"SUN-7.6K-SG05LP1-EU\": \"7600\"}',9,'2026-06-28 10:26:39','2026-06-28 10:26:39'),(173,203,'AC Input and Output','max_apparent_power','Maximum Apparent Power','VA','custom',NULL,'{\"SUN-5K-SG05LP1-EU\": \"5500\", \"SUN-6K-SG05LP1-EU\": \"6600\", \"SUN-7K-SG05LP1-EU\": \"7700\", \"SUN-8K-SG05LP1-EU\": \"8800\", \"SUN-10K-SG05LP1-EU\": \"11000\", \"SUN-3.6K-SG05LP1-EU\": \"3960\", \"SUN-7.6K-SG05LP1-EU\": \"8360\"}',10,'2026-06-28 10:26:39','2026-06-28 10:26:39'),(174,203,'AC Input and Output','rated_voltage','Rated Input/Output Voltage',NULL,'shared','220/230V AC, L+N+PE',NULL,11,'2026-06-28 10:26:39','2026-06-28 10:26:39'),(175,203,'Performance','maximum_efficiency','Maximum Efficiency','%','shared','97.6',NULL,12,'2026-06-28 10:26:39','2026-06-28 10:26:39'),(176,203,'Performance','mppt_efficiency','MPPT Efficiency','%','shared','>99',NULL,13,'2026-06-28 10:26:39','2026-06-28 10:26:39'),(177,203,'General','communication','Communication',NULL,'shared','Wi-Fi / RS485 / CAN',NULL,14,'2026-06-28 10:26:39','2026-06-28 10:26:39'),(178,203,'General','protection_rating','Ingress Protection',NULL,'shared','IP65',NULL,15,'2026-06-28 10:26:39','2026-06-28 10:26:39'),(179,203,'General','operating_temperature','Operating Temperature','C','shared','-40 to +60; derating above 45',NULL,16,'2026-06-28 10:26:39','2026-06-28 10:26:39'),(180,203,'General','dimensions','Cabinet Dimensions','mm','shared','330 x 580 x 232',NULL,17,'2026-06-28 10:26:39','2026-06-28 10:26:39'),(181,203,'General','weight','Weight','kg','shared','24.9',NULL,18,'2026-06-28 10:26:39','2026-06-28 10:26:39'),(182,209,'Battery Input','battery_type','Battery Type',NULL,'shared','Lithium-ion with BMS',NULL,0,'2026-06-28 10:34:19','2026-06-28 10:34:19'),(183,209,'Battery Input','battery_voltage_range','Battery Voltage Range','V DC','shared','160-800',NULL,1,'2026-06-28 10:34:19','2026-06-28 10:34:19'),(184,209,'Battery Input','max_charge_current','Maximum Charging Current','A','shared','50+50',NULL,2,'2026-06-28 10:34:19','2026-06-28 10:34:19'),(185,209,'Battery Input','battery_inputs','Battery Inputs',NULL,'shared','2',NULL,3,'2026-06-28 10:34:19','2026-06-28 10:34:19'),(186,209,'PV Input','max_pv_access_power','Maximum PV Access Power','W','custom',NULL,'{\"SUN-30K-SG01HP3-EU-BM3\": \"60000\", \"SUN-35K-SG01HP3-EU-BM3\": \"70000\", \"SUN-40K-SG01HP3-EU-BM4\": \"80000\", \"SUN-50K-SG01HP3-EU-BM4\": \"100000\", \"SUN-29.9K-SG01HP3-EU-BM3\": \"59800\"}',4,'2026-06-28 10:34:19','2026-06-28 10:34:19'),(187,209,'PV Input','max_pv_input_power','Maximum PV Input Power','W','custom',NULL,'{\"SUN-30K-SG01HP3-EU-BM3\": \"48000\", \"SUN-35K-SG01HP3-EU-BM3\": \"56000\", \"SUN-40K-SG01HP3-EU-BM4\": \"64000\", \"SUN-50K-SG01HP3-EU-BM4\": \"80000\", \"SUN-29.9K-SG01HP3-EU-BM3\": \"47840\"}',5,'2026-06-28 10:34:20','2026-06-28 10:34:20'),(188,209,'PV Input','max_pv_voltage','Maximum PV Input Voltage','V DC','shared','1000',NULL,6,'2026-06-28 10:34:20','2026-06-28 10:34:20'),(189,209,'PV Input','mppt_range','MPPT Voltage Range','V DC','shared','150-850',NULL,7,'2026-06-28 10:34:20','2026-06-28 10:34:20'),(190,209,'PV Input','mppt_trackers','MPPT Trackers',NULL,'custom',NULL,'{\"SUN-30K-SG01HP3-EU-BM3\": \"3\", \"SUN-35K-SG01HP3-EU-BM3\": \"3\", \"SUN-40K-SG01HP3-EU-BM4\": \"4\", \"SUN-50K-SG01HP3-EU-BM4\": \"4\", \"SUN-29.9K-SG01HP3-EU-BM3\": \"3\"}',8,'2026-06-28 10:34:20','2026-06-28 10:34:20'),(191,209,'AC Input and Output','rated_ac_power','Rated AC Input/Output Active Power','W','custom',NULL,'{\"SUN-30K-SG01HP3-EU-BM3\": \"30000\", \"SUN-35K-SG01HP3-EU-BM3\": \"35000\", \"SUN-40K-SG01HP3-EU-BM4\": \"40000\", \"SUN-50K-SG01HP3-EU-BM4\": \"50000\", \"SUN-29.9K-SG01HP3-EU-BM3\": \"29900\"}',9,'2026-06-28 10:34:20','2026-06-28 10:34:20'),(192,209,'AC Input and Output','max_apparent_power','Maximum Apparent Power','VA','custom',NULL,'{\"SUN-30K-SG01HP3-EU-BM3\": \"33000\", \"SUN-35K-SG01HP3-EU-BM3\": \"38500\", \"SUN-40K-SG01HP3-EU-BM4\": \"44000\", \"SUN-50K-SG01HP3-EU-BM4\": \"55000\", \"SUN-29.9K-SG01HP3-EU-BM3\": \"29900\"}',10,'2026-06-28 10:34:20','2026-06-28 10:34:20'),(193,209,'AC Input and Output','rated_voltage','Rated Input/Output Voltage',NULL,'shared','220/380V or 230/400V AC, 3L+N+PE',NULL,11,'2026-06-28 10:34:20','2026-06-28 10:34:20'),(194,209,'Performance','maximum_efficiency','Maximum Efficiency','%','shared','97.6',NULL,12,'2026-06-28 10:34:20','2026-06-28 10:34:20'),(195,209,'Performance','mppt_efficiency','MPPT Efficiency','%','shared','>99',NULL,13,'2026-06-28 10:34:20','2026-06-28 10:34:20'),(196,209,'General','communication','Communication',NULL,'shared','RS485 / RS232 / CAN; optional wireless monitoring',NULL,14,'2026-06-28 10:34:20','2026-06-28 10:34:20'),(197,209,'General','protection_rating','Ingress Protection',NULL,'shared','IP65',NULL,15,'2026-06-28 10:34:20','2026-06-28 10:34:20'),(198,209,'General','dimensions','Cabinet Dimensions','mm','shared','527 x 894 x 294',NULL,16,'2026-06-28 10:34:20','2026-06-28 10:34:20'),(199,209,'General','weight','Weight','kg','shared','80',NULL,17,'2026-06-28 10:34:20','2026-06-28 10:34:20');
/*!40000 ALTER TABLE `ProductSpecifications` ENABLE KEYS */;
UNLOCK TABLES;

--
-- Table structure for table `Products`
--

DROP TABLE IF EXISTS `Products`;
/*!40101 SET @saved_cs_client     = @@character_set_client */;
/*!50503 SET character_set_client = utf8mb4 */;
CREATE TABLE `Products` (
  `id` int NOT NULL AUTO_INCREMENT,
  `category_id` int NOT NULL,
  `name` varchar(200) CHARACTER SET utf8mb4 COLLATE utf8mb4_unicode_ci NOT NULL,
  `price` decimal(10,2) DEFAULT NULL,
  `description` text CHARACTER SET utf8mb4 COLLATE utf8mb4_unicode_ci,
  `wattage` varchar(50) CHARACTER SET utf8mb4 COLLATE utf8mb4_unicode_ci DEFAULT NULL,
  `durability_rating` varchar(50) CHARACTER SET utf8mb4 COLLATE utf8mb4_unicode_ci DEFAULT NULL,
  `battery_type` varchar(100) CHARACTER SET utf8mb4 COLLATE utf8mb4_unicode_ci DEFAULT NULL,
  `warranty_info` varchar(200) CHARACTER SET utf8mb4 COLLATE utf8mb4_unicode_ci DEFAULT NULL,
  `image_url` varchar(500) CHARACTER SET utf8mb4 COLLATE utf8mb4_unicode_ci DEFAULT NULL,
  `manual_pdf_url` varchar(500) CHARACTER SET utf8mb4 COLLATE utf8mb4_unicode_ci DEFAULT NULL,
  `video_url` varchar(500) CHARACTER SET utf8mb4 COLLATE utf8mb4_unicode_ci DEFAULT NULL,
  `metadata` json DEFAULT NULL COMMENT 'Technical specifications in JSON format',
  `is_featured` tinyint(1) DEFAULT '0',
  `stock_status` enum('in_stock','out_of_stock','pre_order') CHARACTER SET utf8mb4 COLLATE utf8mb4_unicode_ci DEFAULT 'in_stock',
  `created_at` timestamp NULL DEFAULT CURRENT_TIMESTAMP,
  `updated_at` timestamp NULL DEFAULT CURRENT_TIMESTAMP ON UPDATE CURRENT_TIMESTAMP,
  PRIMARY KEY (`id`),
  KEY `idx_products_category` (`category_id`),
  KEY `idx_products_featured` (`is_featured`),
  KEY `idx_products_stock` (`stock_status`),
  KEY `idx_products_category_featured` (`category_id`,`is_featured`),
  FULLTEXT KEY `idx_products_search` (`name`,`description`),
  CONSTRAINT `Products_ibfk_1` FOREIGN KEY (`category_id`) REFERENCES `Categories` (`id`) ON DELETE CASCADE
) ENGINE=InnoDB AUTO_INCREMENT=2004 DEFAULT CHARSET=utf8mb4 COLLATE=utf8mb4_unicode_ci;
/*!40101 SET character_set_client = @saved_cs_client */;

--
-- Dumping data for table `Products`
--

LOCK TABLES `Products` WRITE;
/*!40000 ALTER TABLE `Products` DISABLE KEYS */;
INSERT INTO `Products` VALUES (101,1,'Mono Half-Cell Solar Panel Grade A 300W',0.00,'Grade A monocrystalline half-cell PV module for compact residential systems, solar generators, lighting kits, and small off-grid installations.','300W','Grade A Mono Half-Cell',NULL,'8 years product guarantee; 25 years performance design',NULL,NULL,NULL,'{\"power\": \"300W\", \"cell_grade\": \"Grade A\", \"technology\": \"Monocrystalline half-cell\", \"application\": \"residential, kit, off-grid\", \"module_type\": \"framed PV module\"}',1,'in_stock','2026-06-26 09:23:30','2026-06-26 09:23:30'),(102,1,'Mono Half-Cell Solar Panel Grade A 450W',0.00,'High-output monocrystalline PV module for home, commercial, and agricultural solar systems requiring strong generation density.','450W','Grade A Mono Half-Cell',NULL,'12 years product warranty; 25 years performance design',NULL,NULL,NULL,'{\"power\": \"450W\", \"technology\": \"Monocrystalline half-cell\", \"application\": \"home, commercial, agriculture\", \"module_type\": \"framed PV module\"}',1,'in_stock','2026-06-26 09:23:30','2026-06-26 09:23:30'),(103,1,'Mono Half-Cell Solar Panel Grade A 550W',0.00,'High-efficiency 550W solar panel for residential, commercial, and industrial PV arrays.','550W','Grade A Mono PERC / Half-Cell',NULL,'12 years product warranty; 25 years performance design',NULL,NULL,NULL,'{\"power\": \"550W\", \"efficiency\": \"21 percent class\", \"technology\": \"Monocrystalline half-cell\", \"application\": \"residential, commercial, industrial\", \"recommended_for\": \"large PV arrays\"}',1,'in_stock','2026-06-26 09:23:30','2026-06-26 09:23:30'),(104,1,'N-Type TOPCon Solar Panel 580W',0.00,'Premium N-type TOPCon PV module for higher yield, lower degradation, and commercial or utility-scale systems.','580W','N-Type TOPCon',NULL,'12 years product warranty; 25 years performance design',NULL,NULL,NULL,'{\"power\": \"580W\", \"advantages\": \"low degradation, high yield\", \"technology\": \"N-Type TOPCon\", \"application\": \"commercial, industrial, utility\"}',1,'in_stock','2026-06-26 09:23:30','2026-06-26 09:23:30'),(105,1,'Bifacial Dual-Glass Solar Panel 600W',0.00,'Bifacial dual-glass module for ground mount, carport, and utility projects where rear-side gain can improve total generation.','600W','Bifacial Dual Glass',NULL,'12 years product warranty; 30 years performance design',NULL,NULL,NULL,'{\"power\": \"600W\", \"feature\": \"rear-side generation gain\", \"technology\": \"Bifacial dual glass\", \"application\": \"carport, ground mount, utility\"}',0,'in_stock','2026-06-26 09:23:30','2026-06-26 09:23:30'),(106,1,'Flexible Solar Panel 200W',0.00,'Lightweight flexible solar panel for mobile, curved, temporary, and portable applications.','200W','Flexible Mono',NULL,'2 years product warranty',NULL,NULL,NULL,'{\"power\": \"200W\", \"technology\": \"Flexible monocrystalline\", \"application\": \"portable, vehicle, marine, temporary power\"}',0,'in_stock','2026-06-26 09:23:30','2026-06-26 09:23:30'),(201,2,'High-Frequency Hybrid Solar Inverter 1.5kW',0.00,'Compact pure-sine-wave inverter/charger with integrated MPPT solar charging, automatic mains bypass, configurable source priority, and fast transfer for essential residential and small-business loads.','1.5kW','Pure Sine Wave MPPT','','2 years guarantee','/uploads/products/1kw-inverter-1782551479126-782860734.jpg',NULL,'','{\"humidity\": \"0-95% non-condensing\", \"dimensions\": \"490 x 300 x 130mm\", \"net_weight\": \"15.5kg\", \"peak_power\": \"4500W\", \"communication\": \"RS232 / RS485\", \"transfer_time\": \"<=4ms\", \"battery_voltage\": \"12V / 24V / 48V DC configuration\", \"charging_method\": \"three-stage CC/CV/float\", \"mppt_efficiency\": \">98%\", \"output_waveform\": \"pure sine wave\", \"ac_input_voltage\": \"85-138V AC or 170-275V AC\", \"output_frequency\": \"50/60Hz +/-1%\", \"solar_controller\": \"MPPT\", \"ac_output_voltage\": \"110V or 220V AC +/-2% in battery mode\", \"ac_input_frequency\": \"45-65Hz automatic recognition\", \"ac_mode_efficiency\": \">99%\", \"maximum_pv_voltage\": \"150V DC\", \"pv_operating_range\": \"15-120V / 30-120V / 60-120V according to battery voltage\", \"rated_output_power\": \"1500W\", \"ac_charging_current\": \"0-30A selectable\", \"storage_temperature\": \"-15 to +60C\", \"operating_temperature\": \"-10 to +40C\", \"battery_mode_efficiency\": \">=90%\", \"total_harmonic_distortion\": \"<=3%\"}',1,'in_stock','2026-06-26 09:23:30','2026-06-28 09:47:26'),(202,2,'High-Frequency Hybrid Solar Inverter 3kW',0.00,'Pure-sine-wave inverter/charger for homes, shops, offices, and backup circuits, combining MPPT solar charging, automatic AC bypass, three-stage battery charging, and selectable AC, ECO, or solar priority.','3kW','Pure Sine Wave MPPT','','2 years guarantee','/uploads/products/14189152-5e85-4297-a010-7d16f6e00fd3-1782554311676-511690814.jpg',NULL,'','{\"humidity\": \"0-95% non-condensing\", \"dimensions\": \"510 x 320 x 140mm\", \"net_weight\": \"21.5kg\", \"peak_power\": \"9000W\", \"communication\": \"RS232 / RS485\", \"transfer_time\": \"<=4ms\", \"battery_voltage\": \"24V / 48V DC configuration\", \"charging_method\": \"three-stage CC/CV/float\", \"mppt_efficiency\": \">98%\", \"output_waveform\": \"pure sine wave\", \"ac_input_voltage\": \"85-138V AC or 170-275V AC\", \"output_frequency\": \"50/60Hz +/-1%\", \"solar_controller\": \"MPPT\", \"ac_output_voltage\": \"110V or 220V AC +/-2% in battery mode\", \"ac_input_frequency\": \"45-65Hz automatic recognition\", \"ac_mode_efficiency\": \">99%\", \"maximum_pv_voltage\": \"150V DC\", \"pv_operating_range\": \"30-120V or 60-120V according to battery voltage\", \"rated_output_power\": \"3000W\", \"ac_charging_current\": \"0-30A selectable\", \"storage_temperature\": \"-15 to +60C\", \"operating_temperature\": \"-10 to +40C\", \"battery_mode_efficiency\": \">=90%\", \"total_harmonic_distortion\": \"<=3%\"}',1,'in_stock','2026-06-26 09:23:30','2026-06-28 09:47:26'),(203,2,'Single-Phase Low-Voltage Hybrid Inverter 3.6-10kW',0.00,'Single-phase low-voltage hybrid inverter family with dual MPPT solar input, IP65 protection, AC coupling, generator charging, programmable charge and discharge periods, and parallel operation for residential and light-commercial energy systems.','3.6-10kW','IP65 Hybrid Inverter','Lead-acid or Lithium-ion','5 years standard; extended coverage available','/uploads/products/e9389323-fb80-4a1d-ac53-3f544c50e3cb-1782642399921-214606825.jpg',NULL,'','{}',1,'in_stock','2026-06-26 09:23:30','2026-06-28 10:26:39'),(206,2,'Single-Phase Low-Voltage Hybrid Inverter 12-16kW',0.00,'High-output single-phase low-voltage hybrid inverter family with three MPPT trackers, dual battery inputs, AC coupling, generator support, time-of-use control, and parallel operation for large residential and light-commercial systems.','12-16kW','IP65 Hybrid Inverter','Lead-acid or Lithium-ion','5 years standard; extended coverage available','/uploads/products/9cdcbe4c-2a3c-46e8-9c25-16ac08dab376-1782641958137-397694410.jpg',NULL,'','{}',0,'in_stock','2026-06-26 09:23:30','2026-06-28 10:19:18'),(207,2,'Three-Phase High-Voltage Hybrid Inverter 5-25kW',0.00,'Three-phase high-voltage hybrid inverter family for commercial solar and storage, supporting two MPPT trackers, unbalanced loads, AC coupling, generator charging, high-voltage lithium batteries, and parallel operation.','5-25kW','IP65 Three-Phase Hybrid','Lithium-ion with BMS','5 years standard; extended coverage available','/uploads/products/1005e4ba-862e-4c09-a0a0-2ab582aa0a23-1782554871860-408382885.jpg',NULL,'',NULL,0,'in_stock','2026-06-26 09:23:30','2026-06-28 09:47:26'),(209,2,'Three-Phase High-Voltage Hybrid Inverter 29.9-50kW',0.00,'Commercial and industrial three-phase high-voltage hybrid inverter family with three or four MPPT trackers, dual battery inputs, unbalanced output, AC coupling, generator support, and protected grid and backup operation.','29.9-50kW','IP65 Three-Phase Hybrid','Lithium-ion with BMS','5 years standard; extended coverage available','/uploads/products/1447dfcf-5301-4a81-9b41-44c232513aeb-1782642859953-767368299.jpg',NULL,'','{}',0,'in_stock','2026-06-26 09:23:30','2026-06-28 10:34:19'),(210,2,'Three-Phase Low-Voltage Hybrid Inverter 3-12kW',0.00,'Three-phase low-voltage hybrid inverter family with dual MPPT tracking, 48V battery support, unbalanced output, AC coupling, generator charging, programmable operating periods, and parallel on-grid or off-grid operation.','3-12kW','IP65 Three-Phase Hybrid','Lead-acid or Lithium-ion','5 years standard; extended coverage available','/uploads/products/Screenshot-2026-06-28-121000-1782641449591-273737644.png',NULL,'','{}',1,'in_stock','2026-06-28 09:47:26','2026-06-28 10:10:49'),(301,3,'Wall-Mounted LiFePO4 Battery 25.6V 100Ah / 2.56kWh',0.00,'Compact LiFePO4 battery for essential-load backup and small solar systems with integrated BMS protection, 95% depth of discharge, and wall or floor mounting.','2.56kWh','6000+ Cycles at 80% DOD','LiFePO4','5 years guarantee','/uploads/products/powerwall-battery-1782548107802-401870241.jpg',NULL,'','{\"cycle_life\": \">=6000 cycles at 80% DOD and 25C\", \"dimensions\": \"360 x 330 x 160mm\", \"net_weight\": \"23kg\", \"nominal_energy\": \"2560Wh\", \"rated_capacity\": \"100Ah\", \"nominal_voltage\": \"25.6V DC\", \"parallel_support\": \"up to 4 batteries\", \"protection_rating\": \"IP21\", \"battery_management\": \"integrated BMS\", \"cell_configuration\": \"8S\", \"depth_of_discharge\": \">=95%\", \"maximum_output_power\": \"2400W for 10s\", \"charge_cutoff_voltage\": \"28.8V\", \"operating_temperature\": \"0 to +60C\", \"discharge_cutoff_voltage\": \"24V\", \"recommended_output_power\": \"<=1920W\", \"maximum_charge_discharge_current\": \"100A for 10s\", \"recommended_charge_discharge_current\": \"<=80A\"}',1,'in_stock','2026-06-26 09:23:30','2026-06-28 09:47:26'),(302,3,'Wall-Mounted LiFePO4 Battery 51.2V 100Ah / 5.12kWh',0.00,'Residential wall-mounted LiFePO4 battery with 100A charge and discharge capability, CAN/RS485 inverter communication, 95% usable depth, and integrated BMS protection.','5.12kWh','6000+ Cycles at 80% DOD','LiFePO4','5 years warranty','/uploads/products/5kw-battery-1782550244241-643525537.jpg',NULL,'','{\"cycle_life\": \">=6000 cycles at 25 +/-2C, 0.5C, EOL 80%\", \"dimensions\": \"405 x 185 x 580mm\", \"protections\": \"overcharge, over-discharge, overcurrent, short circuit and temperature\", \"communication\": \"CAN / RS485\", \"nominal_energy\": \"5120Wh\", \"rated_capacity\": \"100Ah\", \"nominal_voltage\": \"51.2V DC\", \"battery_management\": \"integrated BMS\", \"charge_temperature\": \"0 to +50C\", \"depth_of_discharge\": \"95%\", \"storage_temperature\": \"-10 to +60C\", \"discharge_temperature\": \"-20 to +60C\", \"maximum_charge_current\": \"100A\", \"discharge_voltage_range\": \"43.2-58.4V DC\", \"standard_charge_current\": \"50A\", \"maximum_discharge_current\": \"100A\"}',1,'in_stock','2026-06-26 09:23:30','2026-06-28 09:47:26'),(303,3,'Wall-Mounted LiFePO4 Battery 51.2V 200Ah / 10.24kWh',0.00,'High-capacity wall-mounted LiFePO4 battery with 200A BMS, CAN/RS485 communication, 95% usable depth, and high-current charge and discharge capability for whole-home and light-commercial storage.','10.24kWh','6000+ Cycles at 80% DOD','LiFePO4','5 years warranty','/uploads/products/ddddssds-1782646170530-88443797.jpg',NULL,'','{\"cycle_life\": \">=6000 cycles at 25 +/-2C, 0.5C, EOL 80%\", \"dimensions\": \"435 x 280 x 630mm\", \"protections\": \"overcharge, over-discharge, overcurrent, short circuit and temperature\", \"communication\": \"CAN / RS485\", \"nominal_energy\": \"10240Wh\", \"rated_capacity\": \"200Ah\", \"nominal_voltage\": \"51.2V DC\", \"battery_management\": \"200A integrated BMS\", \"charge_temperature\": \"0 to +50C\", \"depth_of_discharge\": \"95%\", \"storage_temperature\": \"-10 to +60C\", \"discharge_temperature\": \"-20 to +60C\", \"maximum_charge_current\": \"200A\", \"discharge_voltage_range\": \"43.2-58.4V DC\", \"standard_charge_current\": \"100A\", \"maximum_discharge_current\": \"200A\"}',1,'in_stock','2026-06-26 09:23:30','2026-06-28 11:29:30'),(304,3,'Floor-Mounted LiFePO4 Battery 51.2V 300Ah / 15.36kWh',0.00,'Large residential and commercial LiFePO4 battery with 200A charge/discharge capability, CAN/RS485 communication, 95% depth of discharge, integrated display, and floor-standing enclosure.','15.36kWh','8000+ Cycles at 80% DOD','LiFePO4','5 years warranty','/uploads/products/16kwbattery-1782549981031-491873057.jpg',NULL,'','{\"cycle_life\": \">=8000 cycles at 25 +/-2C, 0.5C, EOL 80%\", \"dimensions\": \"485 x 260 x 770mm\", \"protections\": \"overcharge, over-discharge, overcurrent, short circuit and temperature\", \"communication\": \"CAN / RS485\", \"nominal_energy\": \"15360Wh\", \"rated_capacity\": \"300Ah\", \"nominal_voltage\": \"51.2V DC\", \"battery_management\": \"integrated BMS\", \"charge_temperature\": \"0 to +50C\", \"depth_of_discharge\": \"95%\", \"storage_temperature\": \"-10 to +60C\", \"discharge_temperature\": \"-20 to +60C\", \"maximum_charge_current\": \"200A\", \"discharge_voltage_range\": \"43.2-58.4V DC\", \"standard_charge_current\": \"100A\", \"maximum_discharge_current\": \"200A\"}',1,'in_stock','2026-06-26 09:23:30','2026-06-28 09:47:26'),(308,3,'Rack-Mounted LiFePO4 Battery 51.2V 100Ah / 5.12kWh',0.00,'Rack-mounted LiFePO4 module for telecom, UPS, server rooms, and modular solar storage with CAN/RS485 communication, 100A charge/discharge capability, 95% usable depth, and integrated BMS protection.','5.12kWh','6000+ Cycles at 80% DOD','LiFePO4','5 years warranty','/uploads/products/WhatsApp-Image-2026-06-28-at-09-38-42-1782645428034-378700918.jpeg',NULL,'','{\"mounting\": \"rack mounted\", \"cycle_life\": \">=6000 cycles at 25 +/-2C, 0.5C, EOL 80%\", \"dimensions\": \"492 x 450 x 180mm\", \"protections\": \"overcharge, over-discharge, overcurrent, short circuit and temperature\", \"communication\": \"CAN / RS485\", \"nominal_energy\": \"5120Wh\", \"rated_capacity\": \"100Ah\", \"nominal_voltage\": \"51.2V DC\", \"battery_management\": \"integrated BMS\", \"charge_temperature\": \"0 to +50C\", \"depth_of_discharge\": \"95%\", \"storage_temperature\": \"-10 to +60C\", \"discharge_temperature\": \"-20 to +60C\", \"maximum_charge_current\": \"100A\", \"discharge_voltage_range\": \"43.2-58.4V DC\", \"standard_charge_current\": \"50A\", \"maximum_discharge_current\": \"100A\"}',0,'in_stock','2026-06-26 09:23:30','2026-06-28 11:17:08'),(310,3,'Stackable LiFePO4 Battery 51.2V 400Ah / 20.48kWh',0.00,'Floor-standing stackable LiFePO4 battery for large residential and light-commercial storage with CAN/RS485 communication, integrated BMS, 95% usable depth, and modular enclosure.','20.48kWh','6000+ Cycles at 80% DOD','LiFePO4','5 years warranty',NULL,NULL,NULL,'{\"mounting\": \"floor-standing stack\", \"cycle_life\": \">=6000 cycles at 25 +/-2C, 0.5C, EOL 80%\", \"dimensions\": \"600 x 183 x 390mm\", \"protections\": \"overcharge, over-discharge, overcurrent, short circuit and temperature\", \"communication\": \"CAN / RS485\", \"nominal_energy\": \"20480Wh\", \"rated_capacity\": \"400Ah\", \"nominal_voltage\": \"51.2V DC\", \"battery_management\": \"integrated BMS\", \"charge_temperature\": \"0 to +50C\", \"depth_of_discharge\": \"95%\", \"storage_temperature\": \"-10 to +60C\", \"discharge_temperature\": \"-20 to +60C\", \"maximum_charge_current\": \"120A\", \"discharge_voltage_range\": \"43.2-58.4V DC\", \"standard_charge_current\": \"120A\", \"maximum_discharge_current\": \"120A\"}',0,'in_stock','2026-06-26 09:23:30','2026-06-28 09:47:26'),(311,3,'High-Voltage Rack Battery 512V 100Ah / 51.2kWh',0.00,'High-voltage LiFePO4 rack assembled from ten protected 51.2V battery modules for commercial three-phase storage, with master battery control, inverter communication, rack isolation, and service disconnect.','51.2kWh','High-Voltage Rack System','LiFePO4','5 years warranty',NULL,NULL,NULL,'{\"cycle_life\": \">=6000 cycles at 25 +/-2C, 0.5C, EOL 80%\", \"communication\": \"CAN / RS485\", \"dc_protection\": \"rack breaker, fuse and service disconnect\", \"nominal_energy\": \"51.2kWh\", \"rated_capacity\": \"100Ah\", \"nominal_voltage\": \"512V DC\", \"battery_management\": \"module BMS plus master high-voltage controller\", \"charge_temperature\": \"0 to +50C\", \"depth_of_discharge\": \"95%\", \"storage_temperature\": \"-10 to +60C\", \"module_configuration\": \"10 x 51.2V 100Ah modules in series\", \"discharge_temperature\": \"-20 to +60C\", \"maximum_charge_current\": \"100A\", \"operating_voltage_range\": \"432-584V DC\", \"standard_charge_current\": \"50A\", \"maximum_discharge_current\": \"100A\"}',0,'in_stock','2026-06-26 09:23:30','2026-06-28 09:47:26'),(312,3,'Commercial High-Voltage Battery System 107.52kWh',0.00,'Modular high-voltage LiFePO4 battery system for commercial backup, solar self-consumption, and peak management with rack-level isolation, hierarchical BMS, CAN/RS485 communication, and protected DC output.','107.52kWh','Commercial High-Voltage ESS','LiFePO4','Project warranty by configuration','/uploads/products/battery-rack-1782548844542-657440806.jpg',NULL,'','{\"cycle_life\": \">=6000 cycles at 25 +/-2C, 0.5C, EOL 80%\", \"communication\": \"CAN / RS485 / Ethernet to EMS\", \"dc_protection\": \"rack isolation, overcurrent protection and emergency disconnect\", \"nominal_energy\": \"107.52kWh\", \"rated_capacity\": \"150Ah\", \"nominal_voltage\": \"716.8V DC\", \"battery_management\": \"cell, module, rack and system BMS\", \"charge_temperature\": \"0 to +50C\", \"depth_of_discharge\": \"95%\", \"storage_temperature\": \"-10 to +60C\", \"discharge_temperature\": \"-20 to +60C\", \"maximum_charge_current\": \"150A\", \"operating_voltage_range\": \"604.8-817.6V DC\", \"standard_charge_current\": \"75A\", \"usable_energy_at_95_dod\": \"102.14kWh\", \"continuous_power_at_0_5c\": \"53.76kW\", \"maximum_discharge_current\": \"150A\"}',1,'in_stock','2026-06-26 09:23:30','2026-06-28 09:47:26'),(313,3,'Commercial High-Voltage Battery System 215.04kWh',0.00,'Large modular high-voltage LiFePO4 battery system for industrial storage, microgrids, demand management, and resilient facilities with hierarchical BMS, protected DC distribution, and EMS communication.','215.04kWh','Industrial High-Voltage ESS','LiFePO4','Project warranty by configuration','/uploads/products/battery-rack-2-1782549208850-753034550.jpg',NULL,'','{\"cycle_life\": \">=6000 cycles at 25 +/-2C, 0.5C, EOL 80%\", \"communication\": \"CAN / RS485 / Ethernet to EMS\", \"dc_protection\": \"rack isolation, overcurrent protection and emergency disconnect\", \"nominal_energy\": \"215.04kWh\", \"rated_capacity\": \"300Ah\", \"nominal_voltage\": \"716.8V DC\", \"battery_management\": \"cell, module, rack and system BMS\", \"charge_temperature\": \"0 to +50C\", \"depth_of_discharge\": \"95%\", \"storage_temperature\": \"-10 to +60C\", \"discharge_temperature\": \"-20 to +60C\", \"maximum_charge_current\": \"300A\", \"operating_voltage_range\": \"604.8-817.6V DC\", \"standard_charge_current\": \"150A\", \"usable_energy_at_95_dod\": \"204.29kWh\", \"continuous_power_at_0_5c\": \"107.52kW\", \"maximum_discharge_current\": \"300A\"}',1,'in_stock','2026-06-26 09:23:30','2026-06-28 09:47:26'),(401,4,'MPPT Charge Controller 40A',0.00,'MPPT solar charge controller for smaller off-grid PV systems and battery charging applications.','40A','MPPT',NULL,'2 years warranty',NULL,NULL,NULL,'{\"type\": \"MPPT\", \"application\": \"small off-grid solar charging\", \"rated_current\": \"40A\"}',0,'in_stock','2026-06-26 09:23:30','2026-06-26 09:23:30'),(402,4,'MPPT Charge Controller 60A',0.00,'MPPT controller for medium PV battery systems requiring improved charging efficiency and battery protection.','60A','MPPT',NULL,'2 years warranty',NULL,NULL,NULL,'{\"type\": \"MPPT\", \"application\": \"medium solar battery system\", \"rated_current\": \"60A\"}',0,'in_stock','2026-06-26 09:23:30','2026-06-26 09:23:30'),(403,4,'MPPT Charge Controller 100A',0.00,'High-current MPPT charge controller for larger standalone PV battery systems.','100A','MPPT',NULL,'2 years warranty',NULL,NULL,NULL,'{\"type\": \"MPPT\", \"application\": \"large standalone PV system\", \"rated_current\": \"100A\"}',0,'in_stock','2026-06-26 09:23:30','2026-06-26 09:23:30'),(501,5,'PV Cable 4mm 100m Roll',0.00,'Outdoor photovoltaic cable for safe DC wiring between solar panels, combiner boxes, and inverters.',NULL,'Outdoor Solar Grade',NULL,NULL,NULL,NULL,NULL,'{\"size\": \"4mm2\", \"length\": \"100m\", \"conductor\": \"tinned copper\", \"application\": \"solar DC wiring\", \"rated_voltage\": \"DC 1500V class\"}',0,'in_stock','2026-06-26 09:23:30','2026-06-26 09:23:30'),(502,5,'PV Cable 6mm 100m Roll',0.00,'Heavy-duty PV cable for larger solar strings and longer DC cable runs.',NULL,'Outdoor Solar Grade',NULL,NULL,NULL,NULL,NULL,'{\"size\": \"6mm2\", \"length\": \"100m\", \"application\": \"solar DC wiring\", \"rated_voltage\": \"DC 1500V class\"}',0,'in_stock','2026-06-26 09:23:30','2026-06-26 09:23:30'),(503,5,'MC4 Connector Pair',0.00,'Water-resistant MC4-compatible connector pair for PV module and string wiring.',NULL,'Outdoor Solar Grade',NULL,NULL,NULL,NULL,NULL,'{\"type\": \"MC4 compatible connector\", \"application\": \"PV string wiring\", \"weather_resistant\": \"yes\"}',0,'in_stock','2026-06-26 09:23:30','2026-06-26 09:23:30'),(504,5,'Battery Cable and MC4 Connector Set',0.00,'Cable and connector set for connecting batteries, inverter, and PV input during solar system installation.',NULL,'Standard',NULL,NULL,NULL,NULL,NULL,'{\"includes\": \"battery cable and MC4 connector set\", \"application\": \"solar kit installation\"}',0,'in_stock','2026-06-26 09:23:30','2026-06-26 09:23:30'),(505,5,'Solar Mounting Bracket Set - Small System',0.00,'Corrosion-resistant aluminum mounting set for small roof or ground solar installations.',NULL,'Anodized Aluminum',NULL,'25 years service-life design',NULL,NULL,NULL,'{\"material\": \"anodized aluminum and stainless fasteners\", \"mounting\": \"roof or ground\", \"application\": \"small PV mounting\"}',0,'in_stock','2026-06-26 09:23:30','2026-06-26 09:23:30'),(506,5,'Solar Mounting Bracket Set - Large System',0.00,'Heavy-duty aluminum bracket and rail set for larger residential, commercial, and agricultural PV arrays.',NULL,'Anodized Aluminum',NULL,'25 years service-life design',NULL,NULL,NULL,'{\"material\": \"anodized aluminum and stainless fasteners\", \"mounting\": \"roof or ground\", \"application\": \"large PV mounting\"}',0,'in_stock','2026-06-26 09:23:30','2026-06-26 09:23:30'),(601,7,'Smart All-in-One Solar Street Light 4500lm',0.00,'Integrated aluminum solar street light for local roads, compounds, farms, estates, paths, and parking areas with radar sensing, wide road optics, and automatic dusk-to-dawn operation.','60W solar / 4500lm','Outdoor Integrated Solar Light','LiFePO4','2 years warranty',NULL,NULL,NULL,'{\"control\": \"automatic dusk-to-dawn with radar dimming\", \"led_chip\": \"SMD5050\", \"material\": \"aluminum and Teijin PC lens\", \"beam_angle\": \"150 x 70 degrees\", \"dimensions\": \"932 x 365 x 160mm\", \"installation\": \"integrated pole-mounted luminaire\", \"radar_sensor\": \"included\", \"luminous_flux\": \"4500lm\", \"battery_capacity\": \"60Ah\", \"solar_panel_type\": \"monocrystalline\", \"battery_chemistry\": \"LiFePO4\", \"color_temperature\": \"6000-6500K\", \"solar_panel_power\": \"60W\", \"led_chip_efficiency\": \"up to 200lm/W\", \"solar_panel_voltage\": \"4V\"}',1,'in_stock','2026-06-26 09:23:30','2026-06-28 09:47:26'),(602,7,'Smart All-in-One Solar Street Light 6500lm',0.00,'Integrated solar street light for roads, estates, compounds, farms, and community areas with a 75W monocrystalline panel, 85Ah LiFePO4 battery, radar sensing, and wide road-distribution optics.','75W solar / 6500lm','Outdoor Integrated Solar Light','LiFePO4','2 years warranty',NULL,NULL,NULL,'{\"control\": \"automatic dusk-to-dawn with radar dimming\", \"led_chip\": \"SMD5050\", \"material\": \"aluminum and Teijin PC lens\", \"beam_angle\": \"150 x 70 degrees\", \"dimensions\": \"1122 x 365 x 160mm\", \"installation\": \"integrated pole-mounted luminaire\", \"radar_sensor\": \"included\", \"luminous_flux\": \"6500lm\", \"battery_capacity\": \"85Ah\", \"solar_panel_type\": \"monocrystalline\", \"battery_chemistry\": \"LiFePO4\", \"color_temperature\": \"6000-6500K\", \"solar_panel_power\": \"75W\", \"led_chip_efficiency\": \"up to 200lm/W\", \"solar_panel_voltage\": \"4V\"}',1,'in_stock','2026-06-26 09:23:30','2026-06-28 09:47:26'),(603,7,'Smart All-in-One Solar Street Light 8500lm',0.00,'High-output integrated solar street light for wider roads, public areas, and commercial compounds with a 90W panel, 105Ah LiFePO4 battery, radar sensing, and wide road optics.','90W solar / 8500lm','Outdoor Integrated Solar Light','LiFePO4','2 years warranty',NULL,NULL,NULL,'{\"control\": \"automatic dusk-to-dawn with radar dimming\", \"led_chip\": \"SMD5050\", \"material\": \"aluminum and Teijin PC lens\", \"beam_angle\": \"150 x 70 degrees\", \"dimensions\": \"1342 x 365 x 160mm\", \"installation\": \"integrated pole-mounted luminaire\", \"radar_sensor\": \"included\", \"luminous_flux\": \"8500lm\", \"battery_capacity\": \"105Ah\", \"solar_panel_type\": \"monocrystalline\", \"battery_chemistry\": \"LiFePO4\", \"color_temperature\": \"6000-6500K\", \"solar_panel_power\": \"90W\", \"led_chip_efficiency\": \"up to 200lm/W\", \"solar_panel_voltage\": \"4V\"}',1,'in_stock','2026-06-26 09:23:30','2026-06-28 09:47:26'),(604,7,'Camera Solar Street Light 2550lm',0.00,'Integrated solar street light and 1440P security camera for compounds, farms, paths, yards, and remote sites with radar sensing, 4G/Wi-Fi connectivity, recording, alarm detection, and AI human tracking.','30W solar / 2550lm','Outdoor Camera Solar Light','LiFePO4','2 years warranty',NULL,NULL,NULL,'{\"network\": \"4G / Wi-Fi\", \"material\": \"ABS and Teijin PC\", \"dimensions\": \"700 x 300 x 145mm\", \"radar_sensor\": \"included\", \"luminous_flux\": \"2550lm\", \"remote_viewing\": \"mobile phone and PC\", \"camera_rotation\": \"up to 350 degrees\", \"battery_capacity\": \"36Ah\", \"solar_panel_type\": \"monocrystalline\", \"battery_chemistry\": \"LiFePO4\", \"camera_resolution\": \"1440P\", \"color_temperature\": \"6500-7500K\", \"solar_panel_power\": \"30W\", \"security_functions\": \"alarm detection, playback, recording, timer and AI human tracking\", \"solar_panel_voltage\": \"4V\"}',0,'in_stock','2026-06-26 09:23:30','2026-06-28 09:47:26'),(605,7,'Smart All-in-One Solar Street Light 12000lm',0.00,'Large integrated road light for highways, public facilities, industrial compounds, and high-coverage outdoor projects with a 110W monocrystalline panel, 170Ah LiFePO4 battery, radar sensing, and automatic control.','110W solar / 12000lm','Outdoor Integrated Solar Light','LiFePO4','2 years warranty',NULL,NULL,NULL,'{\"control\": \"automatic dusk-to-dawn with radar dimming\", \"led_chip\": \"SMD5050\", \"material\": \"aluminum and Teijin PC lens\", \"beam_angle\": \"150 x 70 degrees\", \"dimensions\": \"1672 x 365 x 160mm\", \"installation\": \"integrated pole-mounted luminaire\", \"radar_sensor\": \"included\", \"luminous_flux\": \"12000lm\", \"battery_capacity\": \"170Ah\", \"solar_panel_type\": \"monocrystalline\", \"battery_chemistry\": \"LiFePO4\", \"color_temperature\": \"6000-6500K\", \"solar_panel_power\": \"110W\", \"led_chip_efficiency\": \"up to 200lm/W\", \"solar_panel_voltage\": \"4V\"}',0,'in_stock','2026-06-26 09:23:30','2026-06-28 09:47:26'),(701,8,'Solar Flood Light 624lm',0.00,'Compact solar flood light for entrances, walkways, yards, signs, and small outdoor areas with selectable warm, neutral, or cool white output and automatic dusk-to-dawn control.','12W solar / 624lm','Outdoor Solar Flood Light','LiFePO4','2 years warranty',NULL,NULL,NULL,'{\"control\": \"automatic dusk-to-dawn\", \"material\": \"anti-UV ABS and glass\", \"dimensions\": \"246 x 200 x 60mm\", \"installation\": \"separate panel with adjustable floodlight\", \"radar_sensor\": \"not included\", \"luminous_flux\": \"624lm\", \"battery_capacity\": \"6Ah\", \"solar_panel_type\": \"monocrystalline\", \"battery_chemistry\": \"LiFePO4\", \"color_temperature\": \"warm / neutral / cool white selectable\", \"solar_panel_power\": \"12W\", \"solar_panel_voltage\": \"5V\"}',1,'in_stock','2026-06-26 09:23:30','2026-06-28 09:47:26'),(702,8,'Solar Flood Light 1248lm',0.00,'Medium solar flood light for compounds, farms, parking areas, signs, and security illumination with selectable light color, an 18Ah LiFePO4 battery, and separate adjustable panel.','25W solar / 1248lm','Outdoor Solar Flood Light','LiFePO4','2 years warranty',NULL,NULL,NULL,'{\"control\": \"automatic dusk-to-dawn\", \"material\": \"anti-UV ABS and glass\", \"dimensions\": \"346 x 282 x 70mm\", \"installation\": \"separate panel with adjustable floodlight\", \"radar_sensor\": \"not included\", \"luminous_flux\": \"1248lm\", \"battery_capacity\": \"18Ah\", \"solar_panel_type\": \"monocrystalline\", \"battery_chemistry\": \"LiFePO4\", \"color_temperature\": \"warm / neutral / cool white selectable\", \"solar_panel_power\": \"25W\", \"solar_panel_voltage\": \"5V\"}',1,'in_stock','2026-06-26 09:23:30','2026-06-28 09:47:26'),(703,8,'Project Solar Flood Light 3263lm',0.00,'High-output project flood light for warehouses, yards, playgrounds, farms, courts, and rural public areas with a 50W solar panel, 45Ah LiFePO4 battery, and optional radar sensing.','50W solar / 3263lm','Outdoor Project Flood Light','LiFePO4','2 years warranty',NULL,NULL,NULL,'{\"control\": \"automatic dusk-to-dawn with optional motion profile\", \"led_chip\": \"SMD5054\", \"material\": \"aluminum and Teijin PC\", \"dimensions\": \"405 x 345 x 58mm\", \"installation\": \"separate panel with adjustable floodlight\", \"radar_sensor\": \"optional\", \"luminous_flux\": \"3263lm\", \"battery_capacity\": \"45Ah\", \"solar_panel_type\": \"monocrystalline\", \"battery_chemistry\": \"LiFePO4\", \"color_temperature\": \"6500-7500K\", \"solar_panel_power\": \"50W\", \"led_chip_efficiency\": \"up to 160lm/W\", \"solar_panel_voltage\": \"5V\"}',0,'in_stock','2026-06-26 09:23:30','2026-06-28 09:47:26'),(801,9,'Solar Lawn and Path Light 582lm',0.00,'Integrated solar landscape light for gardens, villas, walkways, parks, and hospitality areas with floor or pillar mounting and selectable warm, neutral, or cool white output.','5.5W solar / 582lm','Outdoor Landscape Solar Light','LiFePO4','1 year warranty',NULL,NULL,NULL,'{\"control\": \"automatic dusk-to-dawn\", \"material\": \"aluminum and anti-UV PC\", \"mounting\": \"floor or pillar standing\", \"dimensions\": \"261mm diameter x 275mm height\", \"radar_sensor\": \"not included\", \"luminous_flux\": \"582lm\", \"battery_capacity\": \"8.8Ah\", \"solar_panel_type\": \"monocrystalline\", \"battery_chemistry\": \"LiFePO4\", \"color_temperature\": \"warm / neutral / cool white selectable\", \"solar_panel_power\": \"5.5W\", \"solar_panel_voltage\": \"4V\"}',0,'in_stock','2026-06-26 09:23:30','2026-06-28 09:47:26'),(802,9,'Solar Garden and Area Light 2560lm',0.00,'Large square solar garden and area light for parks, paths, courtyards, farms, roads, and landscape projects with a 40W panel, 36Ah LiFePO4 battery, and automatic smart power management.','40W solar / 2560lm','Outdoor Garden and Area Light','LiFePO4','1 year warranty',NULL,NULL,NULL,'{\"control\": \"automatic dusk-to-dawn with smart power management\", \"led_chip\": \"SMD5050\", \"material\": \"galvanized steel\", \"dimensions\": \"510 x 510 x 80.5mm\", \"installation\": \"pole-mounted area luminaire\", \"radar_sensor\": \"not included\", \"luminous_flux\": \"2560lm\", \"battery_capacity\": \"36Ah\", \"solar_panel_type\": \"monocrystalline\", \"battery_chemistry\": \"LiFePO4\", \"color_temperature\": \"7000-7500K\", \"solar_panel_power\": \"40W\", \"led_chip_efficiency\": \"up to 160lm/W\", \"solar_panel_voltage\": \"4V\"}',0,'in_stock','2026-06-26 09:23:30','2026-06-28 09:47:26'),(1101,12,'Solar Air Circulation Fan Small',0.00,'Portable rechargeable solar fan for home, dormitory, clinic, shop, and small room cooling.','Small DC Fan','Portable Rechargeable','Lithium','1 year warranty',NULL,NULL,NULL,'{\"type\": \"solar fan\", \"feature\": \"portable rechargeable\", \"charging\": \"solar and DC charging\", \"application\": \"home, shop, clinic\"}',1,'in_stock','2026-06-26 09:23:30','2026-06-26 09:23:30'),(1102,12,'Solar Air Circulation Fan Medium',0.00,'Medium solar fan with rechargeable battery for improved airflow in off-grid rooms and small businesses.','Medium DC Fan','Portable Rechargeable','Lithium','1 year warranty',NULL,NULL,NULL,'{\"type\": \"solar fan\", \"charging\": \"solar and DC charging\", \"application\": \"room, shop, classroom\"}',1,'in_stock','2026-06-26 09:23:30','2026-06-26 09:23:30'),(1103,12,'Solar Air Circulation Fan Large',0.00,'Large rechargeable solar fan for larger rooms, clinics, shops, and field use.','Large DC Fan','Portable Rechargeable','Lithium','1 year warranty',NULL,NULL,NULL,'{\"type\": \"solar fan\", \"charging\": \"solar and DC charging\", \"application\": \"large room, clinic, field use\"}',0,'in_stock','2026-06-26 09:23:30','2026-06-26 09:23:30'),(1201,13,'Solar Light and Fan Home Kit Basic',0.00,'Integrated solar light and fan package for basic household lighting, fan cooling, and mobile charging.','Basic Kit','Portable Kit','Lithium','1 year warranty',NULL,NULL,NULL,'{\"includes\": \"solar panel, lamps, fan, battery, phone charging\", \"kit_type\": \"light and fan package\", \"application\": \"home, shop, room\"}',1,'in_stock','2026-06-26 09:23:30','2026-06-26 09:23:30'),(1202,13,'Solar Light and Fan Home Kit Pro',0.00,'Expanded solar light and fan kit with larger battery capacity and additional lighting points for daily household use.','Pro Kit','Portable Kit','Lithium','1 year warranty',NULL,NULL,NULL,'{\"includes\": \"solar panel, multiple lamps, fan, battery, USB output\", \"kit_type\": \"light and fan package\", \"application\": \"home, classroom, clinic\"}',1,'in_stock','2026-06-26 09:23:30','2026-06-26 09:23:30'),(1203,13,'Solar Light and Fan Community Kit',0.00,'Larger light and fan package for clinics, classrooms, remote shops, and community spaces.','Community Kit','Portable Kit','Lithium','1 year warranty',NULL,NULL,NULL,'{\"includes\": \"larger panel, multiple lamps, fan, battery, charging outputs\", \"kit_type\": \"light and fan package\", \"application\": \"clinic, classroom, community\"}',0,'in_stock','2026-06-26 09:23:30','2026-06-26 09:23:30'),(1401,15,'Commercial EVSE Charging System 60kW',0.00,'DC EV charging system for commercial parking, fleet charging, hotels, shopping centers, and solar EV station projects.','60kW','DC Fast Charger',NULL,'Project warranty by configuration',NULL,NULL,NULL,'{\"type\": \"DC EV charger\", \"power\": \"60kW\", \"application\": \"commercial parking, fleet, hotel\"}',1,'in_stock','2026-06-26 09:23:30','2026-06-26 09:23:30'),(1402,15,'Commercial EVSE Charging System 120kW',0.00,'High-power DC charging system for faster fleet and public charging operations.','120kW','DC Fast Charger',NULL,'Project warranty by configuration',NULL,NULL,NULL,'{\"type\": \"DC EV charger\", \"power\": \"120kW\", \"application\": \"public charging, fleet\"}',1,'in_stock','2026-06-26 09:23:30','2026-06-26 09:23:30'),(1403,15,'Commercial EVSE Charging System 360kW / 720kW',0.00,'High-capacity EV charging platform for large charging depots and PV plus ESS plus EVSE projects.','360kW / 720kW','High-Power Charging System',NULL,'Project warranty by configuration',NULL,NULL,NULL,'{\"type\": \"high-power EVSE\", \"power\": \"360kW to 720kW\", \"application\": \"charging depot, fleet yard, PV ESS EVSE\"}',1,'in_stock','2026-06-26 09:23:30','2026-06-26 09:23:30'),(1501,16,'Online Double-Conversion UPS 10kVA / 10kW',0.00,'Three-phase online double-conversion UPS for servers, telecommunications, medical equipment, industrial controls, and other critical loads, with zero transfer time, static bypass, pure-sine-wave output, and external-battery support.','10kVA / 10kW','Online Double Conversion',NULL,'2 years warranty',NULL,NULL,NULL,'{\"noise\": \"<60dB at 1m\", \"humidity\": \"0-95% non-condensing\", \"topology\": \"online double conversion\", \"dimensions\": \"630 x 250 x 827mm\", \"net_weight\": \"37kg long-run model\", \"battery_bus\": \"external battery; +/-136.5V DC charging bus\", \"input_phase\": \"three phase + neutral + PE\", \"rated_power\": \"10kVA / 10kW\", \"crest_factor\": \"3:1\", \"output_phase\": \"three phase + neutral\", \"communication\": \"RS232 / USB; SNMP optional\", \"transfer_time\": \"0ms mains-to-battery and inverter-to-bypass\", \"eco_efficiency\": \"98.5%\", \"output_waveform\": \"pure sine wave\", \"output_frequency\": \"50/60Hz +/-0.1% in battery mode\", \"input_current_thd\": \"<4% with linear load\", \"online_efficiency\": \"95.5%\", \"overload_capacity\": \"110% for 60min; 125% for 10min; 150% for 1min\", \"battery_efficiency\": \"94.5%\", \"input_power_factor\": \">=0.99 at full load\", \"output_voltage_thd\": \"<=2% linear load; <=5% nonlinear load\", \"input_voltage_range\": \"190-520V AC at 50% load; 305-478V AC at 100% load\", \"rated_input_voltage\": \"360/380/400/415V AC\", \"rated_output_voltage\": \"360/380/400/415V AC\", \"input_frequency_range\": \"40-70Hz\", \"operating_temperature\": \"0 to +40C\", \"adjustable_charge_current\": \"1-12A\", \"output_voltage_regulation\": \"+/-1%\"}',0,'in_stock','2026-06-26 09:23:30','2026-06-28 09:47:26'),(1502,16,'Online Double-Conversion UPS 30kVA / 30kW',0.00,'Three-phase online double-conversion UPS for data rooms, healthcare, telecom, production systems, and critical infrastructure with unity output power factor, static bypass, zero transfer time, and expandable external battery runtime.','30kVA / 30kW','Online Double Conversion',NULL,'2 years warranty',NULL,NULL,NULL,'{\"noise\": \"<63dB at 1m\", \"humidity\": \"0-95% non-condensing\", \"topology\": \"online double conversion\", \"dimensions\": \"815 x 300 x 1000mm\", \"net_weight\": \"55kg long-run model\", \"battery_bus\": \"external battery; +/-218V DC charging bus\", \"input_phase\": \"three phase + neutral + PE\", \"rated_power\": \"30kVA / 30kW\", \"crest_factor\": \"3:1\", \"output_phase\": \"three phase + neutral\", \"communication\": \"RS232 / USB; SNMP optional\", \"transfer_time\": \"0ms mains-to-battery and inverter-to-bypass\", \"eco_efficiency\": \"98.5%\", \"output_waveform\": \"pure sine wave\", \"output_frequency\": \"50/60Hz +/-0.1% in battery mode\", \"input_current_thd\": \"<4% with linear load\", \"online_efficiency\": \"95.5%\", \"overload_capacity\": \"110% for 60min; 125% for 10min; 150% for 1min\", \"battery_efficiency\": \"94.5%\", \"input_power_factor\": \">=0.99 at full load\", \"output_voltage_thd\": \"<=2% linear load; <=5% nonlinear load\", \"input_voltage_range\": \"190-520V AC at 50% load; 305-478V AC at 100% load\", \"rated_input_voltage\": \"360/380/400/415V AC\", \"rated_output_voltage\": \"360/380/400/415V AC\", \"input_frequency_range\": \"40-70Hz\", \"operating_temperature\": \"0 to +40C\", \"adjustable_charge_current\": \"1-18A\", \"output_voltage_regulation\": \"+/-1%\"}',0,'in_stock','2026-06-26 09:23:30','2026-06-28 09:47:26'),(1503,16,'Online Double-Conversion UPS 60kVA / 60kW',0.00,'Industrial three-phase online UPS for data centers, healthcare, telecom, manufacturing, and critical infrastructure with unity power factor, static and maintenance bypass, external battery bank, and zero synchronous transfer time.','60kVA / 60kW','Industrial Online UPS',NULL,'Project warranty by configuration',NULL,NULL,NULL,'{\"noise\": \"<=75dB at 1m\", \"humidity\": \"0-95% non-condensing\", \"topology\": \"online double conversion\", \"dimensions\": \"1000 x 320 x 800mm\", \"net_weight\": \"88kg\", \"input_phase\": \"three phase + neutral + PE\", \"rated_power\": \"60kVA / 60kW\", \"battery_bank\": \"32-40 external 12V blocks; 36 blocks nominal\", \"output_phase\": \"three phase four wire\", \"communication\": \"RS232 / RS485 / dry contacts; SNMP optional\", \"transfer_time\": \"0ms synchronous mains/battery and inverter/bypass\", \"charging_method\": \"constant-current / constant-voltage\", \"output_frequency\": \"50/60Hz auto selectable\", \"input_current_thd\": \"<4% at full load\", \"overload_capacity\": \"110% for 60min; 125% for 10min; 150% for 1min; >150% for 200ms\", \"input_power_factor\": \"0.99 at full load\", \"output_voltage_thd\": \"<2% linear load; <4% nonlinear load\", \"rated_input_voltage\": \"380/400/415V AC\", \"storage_temperature\": \"-15 to +60C\", \"rated_output_current\": \"91A / 86A / 83A at 380V / 400V / 415V\", \"rated_output_voltage\": \"380/400/415V AC\", \"full_load_input_range\": \"184-276V AC phase-to-neutral\", \"input_frequency_range\": \"40-70Hz\", \"maximum_input_current\": \"110A per phase\", \"operating_temperature\": \"0 to +40C\", \"maximum_charge_current\": \"18A adjustable\", \"nominal_battery_voltage\": \"432V DC\", \"output_voltage_regulation\": \"+/-1% balanced load; +/-2% fully unbalanced\"}',0,'in_stock','2026-06-26 09:23:30','2026-06-28 09:47:26'),(1504,16,'Online Double-Conversion UPS 100kVA / 100kW',0.00,'High-capacity three-phase online UPS for data centers, hospitals, industrial plants, and mission-critical facilities with unity power factor, external battery bank, protected bypass paths, and zero synchronous transfer time.','100kVA / 100kW','Industrial Online UPS',NULL,'Project warranty by configuration',NULL,NULL,NULL,'{\"noise\": \"<=75dB at 1m\", \"humidity\": \"0-95% non-condensing\", \"topology\": \"online double conversion\", \"dimensions\": \"1000 x 430 x 1200mm\", \"net_weight\": \"169kg\", \"input_phase\": \"three phase + neutral + PE\", \"rated_power\": \"100kVA / 100kW\", \"battery_bank\": \"32-40 external 12V blocks; 36 blocks nominal\", \"output_phase\": \"three phase four wire\", \"communication\": \"RS232 / RS485 / dry contacts; SNMP optional\", \"transfer_time\": \"0ms synchronous mains/battery and inverter/bypass\", \"charging_method\": \"constant-current / constant-voltage\", \"output_frequency\": \"50/60Hz auto selectable\", \"input_current_thd\": \"<4% at full load\", \"overload_capacity\": \"110% for 60min; 125% for 10min; 150% for 1min; >150% for 200ms\", \"input_power_factor\": \"0.99 at full load\", \"output_voltage_thd\": \"<2% linear load; <4% nonlinear load\", \"rated_input_voltage\": \"380/400/415V AC\", \"storage_temperature\": \"-15 to +60C\", \"rated_output_current\": \"151A / 145A / 138A at 380V / 400V / 415V\", \"rated_output_voltage\": \"380/400/415V AC\", \"full_load_input_range\": \"184-276V AC phase-to-neutral\", \"input_frequency_range\": \"40-70Hz\", \"maximum_input_current\": \"188A per phase\", \"operating_temperature\": \"0 to +40C\", \"maximum_charge_current\": \"36A adjustable\", \"nominal_battery_voltage\": \"432V DC\", \"output_voltage_regulation\": \"+/-1% balanced load; +/-2% fully unbalanced\"}',0,'in_stock','2026-06-26 09:23:30','2026-06-28 09:47:26'),(1601,17,'BIPV Solar Carport Commercial Single-Post Structure',0.00,'BIPV carport structure combining vehicle shelter, PV generation, and optional EV charging station integration.','Project Based','BIPV Structure',NULL,'Project warranty by configuration',NULL,NULL,NULL,'{\"type\": \"BIPV solar carport\", \"structure\": \"commercial single-post\", \"application\": \"parking, EV charging, PV generation\"}',1,'in_stock','2026-06-26 09:23:30','2026-06-26 09:23:30'),(1701,18,'Energy Management System Platform',0.00,'EMS platform for monitoring and dispatching PV, ESS, grid, load, and EV charging assets.','Software / Controller','EMS Platform',NULL,'Project warranty by configuration',NULL,NULL,NULL,'{\"type\": \"energy management system\", \"monitors\": \"PV, ESS, grid, load, EV charging\", \"application\": \"microgrid, commercial ESS, EV station\"}',1,'in_stock','2026-06-26 09:23:30','2026-06-26 09:23:30'),(1801,19,'PV Combiner Box 1-In 1-Out 1000V',0.00,'PV combiner box for one solar input string and one output with DC fuse, surge protection, and isolation support.',NULL,'IP65 Outdoor Rated',NULL,NULL,NULL,NULL,NULL,'{\"type\": \"PV combiner box\", \"protection\": \"fuse, SPD, isolation switch\", \"input_strings\": \"1\", \"output_strings\": \"1\", \"system_voltage\": \"1000V DC\"}',0,'in_stock','2026-06-26 09:23:30','2026-06-26 09:23:30'),(1802,19,'PV Combiner Box 2-In 1-Out 1000V',0.00,'PV combiner box for two solar input strings and one output channel in residential and commercial arrays.',NULL,'IP65 Outdoor Rated',NULL,NULL,NULL,NULL,NULL,'{\"type\": \"PV combiner box\", \"protection\": \"fuse, SPD, isolation switch\", \"input_strings\": \"2\", \"output_strings\": \"1\", \"system_voltage\": \"1000V DC\"}',0,'in_stock','2026-06-26 09:23:30','2026-06-26 09:23:30'),(1803,19,'PV Combiner Box 4-In 1-Out 1000V',0.00,'PV combiner box for four solar input strings with surge protection and DC output switching.',NULL,'IP65 Outdoor Rated',NULL,NULL,NULL,NULL,NULL,'{\"type\": \"PV combiner box\", \"protection\": \"fuse, SPD, isolation switch\", \"input_strings\": \"4\", \"output_strings\": \"1\", \"system_voltage\": \"1000V DC\"}',0,'in_stock','2026-06-26 09:23:30','2026-06-26 09:23:30'),(1804,19,'PV Combiner Box 8-In 1-Out 1000V',0.00,'PV combiner box for larger PV arrays requiring eight DC string inputs and protected output wiring.',NULL,'IP65 Outdoor Rated',NULL,NULL,NULL,NULL,NULL,'{\"type\": \"PV combiner box\", \"protection\": \"fuse, SPD, isolation switch\", \"input_strings\": \"8\", \"output_strings\": \"1\", \"system_voltage\": \"1000V DC\"}',0,'in_stock','2026-06-26 09:23:30','2026-06-26 09:23:30'),(1805,19,'PV Combiner Box 16-In 1-Out 1000V',0.00,'High-capacity PV combiner box for industrial and utility-scale DC solar array management.',NULL,'IP65 Outdoor Rated',NULL,NULL,NULL,NULL,NULL,'{\"type\": \"PV combiner box\", \"protection\": \"fuse, SPD, isolation switch\", \"input_strings\": \"16\", \"output_strings\": \"1\", \"system_voltage\": \"1000V DC\"}',0,'in_stock','2026-06-26 09:23:30','2026-06-26 09:23:30'),(1901,20,'Solar Water Pump 0.75kW',0.00,'Solar water pump for small irrigation, livestock watering, garden supply, and rural water transfer.','0.75kW','Solar Pump',NULL,'1 year warranty',NULL,NULL,NULL,'{\"type\": \"solar water pump\", \"power\": \"0.75kW\", \"application\": \"small irrigation, livestock, garden\"}',1,'in_stock','2026-06-26 09:23:30','2026-06-26 09:23:30'),(1902,20,'Solar Water Pump 1.5kW',0.00,'Solar pump for farms, boreholes, irrigation systems, and rural water storage applications.','1.5kW','Solar Pump',NULL,'1 year warranty',NULL,NULL,NULL,'{\"type\": \"solar water pump\", \"power\": \"1.5kW\", \"application\": \"farm, borehole, irrigation\"}',1,'in_stock','2026-06-26 09:23:30','2026-06-26 09:23:30'),(1903,20,'Solar Water Pump 3kW',0.00,'Higher-capacity solar water pump for agricultural irrigation and commercial rural water projects.','3kW','Solar Pump',NULL,'1 year warranty',NULL,NULL,NULL,'{\"type\": \"solar water pump\", \"power\": \"3kW\", \"application\": \"agriculture, irrigation, rural water\"}',1,'in_stock','2026-06-26 09:23:30','2026-06-26 09:23:30'),(2001,21,'Solar Power Generator 1500W',0.00,'solar power generator for emergency backup, outdoor work, camping, small shops, and mobile power needs.','1500W','Solar Power Generator','LiFePO4','2 years warranty',NULL,NULL,NULL,'{\"type\": \"solar_power_generator\", \"battery\": \"LiFePO4\", \"charging\": \"solar hybrid charging\", \"waveform\": \"pure sine wave\", \"application\": \"backup, outdoor, mobile power\", \"rated_power\": \"1500W\"}',1,'in_stock','2026-06-26 09:23:30','2026-06-28 09:47:26'),(2002,21,'Solar Power Generator 3000W',0.00,'Larger solar power generator for homes, field teams, small business backup, and equipment charging.','3000W','Solar Power Generator','LiFePO4','2 years warranty',NULL,NULL,NULL,'{\"type\": \"solar_power_generator\", \"battery\": \"LiFePO4\", \"charging\": \"solar hybrid charging\", \"waveform\": \"pure sine wave\", \"application\": \"home backup, field work, small business\", \"rated_power\": \"3000W\"}',1,'in_stock','2026-06-26 09:23:30','2026-06-28 09:47:26'),(2003,21,'Solar Power Generator 6200W',0.00,'High-output solar power generator for resilient household loads, remote site power, and field operations.','6200W','Solar Power Generator','LiFePO4','2 years warranty',NULL,NULL,NULL,'{\"type\": \"solar_power_generator\", \"battery\": \"LiFePO4\", \"charging\": \"solar hybrid charging\", \"waveform\": \"pure sine wave\", \"application\": \"remote site, home backup, field operations\", \"rated_power\": \"6200W\"}',0,'in_stock','2026-06-26 09:23:30','2026-06-28 09:47:26');
/*!40000 ALTER TABLE `Products` ENABLE KEYS */;
UNLOCK TABLES;

--
-- Table structure for table `Testimonials`
--

DROP TABLE IF EXISTS `Testimonials`;
/*!40101 SET @saved_cs_client     = @@character_set_client */;
/*!50503 SET character_set_client = utf8mb4 */;
CREATE TABLE `Testimonials` (
  `id` int NOT NULL AUTO_INCREMENT,
  `client_name` varchar(150) CHARACTER SET utf8mb4 COLLATE utf8mb4_unicode_ci NOT NULL,
  `country` varchar(100) CHARACTER SET utf8mb4 COLLATE utf8mb4_unicode_ci NOT NULL,
  `video_url` varchar(500) CHARACTER SET utf8mb4 COLLATE utf8mb4_unicode_ci DEFAULT NULL,
  `before_image_url` varchar(500) CHARACTER SET utf8mb4 COLLATE utf8mb4_unicode_ci DEFAULT NULL,
  `after_image_url` varchar(500) CHARACTER SET utf8mb4 COLLATE utf8mb4_unicode_ci DEFAULT NULL,
  `content` text CHARACTER SET utf8mb4 COLLATE utf8mb4_unicode_ci NOT NULL,
  `is_approved` tinyint(1) DEFAULT '0',
  `rating` int DEFAULT NULL,
  `created_at` timestamp NULL DEFAULT CURRENT_TIMESTAMP,
  `updated_at` timestamp NULL DEFAULT CURRENT_TIMESTAMP ON UPDATE CURRENT_TIMESTAMP,
  PRIMARY KEY (`id`),
  KEY `idx_approved` (`is_approved`),
  KEY `idx_country` (`country`),
  KEY `idx_testimonial_approved_country` (`is_approved`,`country`),
  CONSTRAINT `Testimonials_chk_1` CHECK (((`rating` >= 1) and (`rating` <= 5)))
) ENGINE=InnoDB AUTO_INCREMENT=8 DEFAULT CHARSET=utf8mb4 COLLATE=utf8mb4_unicode_ci;
/*!40101 SET character_set_client = @saved_cs_client */;

--
-- Dumping data for table `Testimonials`
--

LOCK TABLES `Testimonials` WRITE;
/*!40000 ALTER TABLE `Testimonials` DISABLE KEYS */;
INSERT INTO `Testimonials` VALUES (1,'John Mwangi','Kenya',NULL,'https://images.unsplash.com/photo-1497440001374-f26997328c1b?w=400','https://images.unsplash.com/photo-1508514177221-188b1cf16e9d?w=400','Sunlink Power transformed my business! We installed a 5kW system and now save over $200 monthly on electricity. The panels work perfectly even during the rainy season. Excellent quality and great customer support!',1,5,'2026-04-21 21:18:28','2026-04-21 21:18:28'),(2,'Amara Okafor','Nigeria',NULL,NULL,NULL,'Best investment I ever made for my home. The 3kW solar kit powers my entire house including AC and refrigerator. Installation was smooth and the team was very professional. Highly recommended!',1,5,'2026-04-21 21:18:28','2026-04-21 21:18:28'),(3,'Tendai Moyo','Zimbabwe','https://www.youtube.com/watch?v=example1','https://images.unsplash.com/photo-1497440001374-f26997328c1b?w=400','https://images.unsplash.com/photo-1509391366360-2e959784a276?w=400','Running my farm on solar power now! The 10kW system handles all our irrigation pumps and cold storage. No more diesel generator costs. Sunlink quality is outstanding!',1,5,'2026-04-21 21:18:28','2026-04-21 21:18:28'),(4,'Grace Uwimana','Rwanda',NULL,NULL,NULL,'Our clinic now has reliable 24/7 power thanks to Sunlink. The battery backup system keeps our medical equipment running even during power outages. Lives are being saved because of this technology!',1,5,'2026-04-21 21:18:28','2026-04-21 21:18:28'),(5,'David Banda','Zambia',NULL,'https://images.unsplash.com/photo-1497440001374-f26997328c1b?w=400','https://images.unsplash.com/photo-1508514177221-188b1cf16e9d?w=400','Installed solar panels on my shop 6 months ago. The return on investment is amazing! My electricity bill went from $150 to almost zero. The panels are still performing excellently.',1,5,'2026-04-21 21:18:28','2026-04-21 21:18:28'),(6,'Fatima Hassan','Tanzania',NULL,NULL,NULL,'Quality products at fair prices. We bought the complete home kit and it was easy to install. Customer service answered all our questions. Very happy with our purchase!',1,4,'2026-04-21 21:18:28','2026-04-21 21:18:28'),(7,'Emmanuel Nkosi','South Africa',NULL,NULL,NULL,'Sunlink inverters are the best! Pure sine wave output, very quiet operation, and the LCD display is very helpful. Been using it for 8 months without any issues.',0,5,'2026-04-21 21:18:28','2026-04-21 21:18:28');
/*!40000 ALTER TABLE `Testimonials` ENABLE KEYS */;
UNLOCK TABLES;
/*!40103 SET TIME_ZONE=@OLD_TIME_ZONE */;

/*!40101 SET SQL_MODE=@OLD_SQL_MODE */;
/*!40014 SET FOREIGN_KEY_CHECKS=@OLD_FOREIGN_KEY_CHECKS */;
/*!40014 SET UNIQUE_CHECKS=@OLD_UNIQUE_CHECKS */;
/*!40101 SET CHARACTER_SET_CLIENT=@OLD_CHARACTER_SET_CLIENT */;
/*!40101 SET CHARACTER_SET_RESULTS=@OLD_CHARACTER_SET_RESULTS */;
/*!40101 SET COLLATION_CONNECTION=@OLD_COLLATION_CONNECTION */;
/*!40111 SET SQL_NOTES=@OLD_SQL_NOTES */;

-- Dump completed on 2026-06-28 11:48:46